,Prob_Classe_0,Prob_Classe_1,Classe_Vera,Classe_Predetta,Corretta
1881,0.07792292988478111,0.9220770701152189,1,1,True
1207,0.5813365150901124,0.41866348490988753,0,0,True
954,0.5300315805938194,0.46996841940618067,0,0,True
1155,0.49160872417748436,0.5083912758225156,1,1,True
1384,0.9434433680254818,0.056556631974518184,0,0,True
1779,0.9974829204362328,0.002517079563767287,0,0,True
1948,0.9559489339117934,0.04405106608820662,0,0,True
1048,0.765958573042534,0.23404142695746594,0,0,True
129,0.994726984765702,0.005273015234297997,0,0,True
241,0.5680890875930564,0.43191091240694357,0,0,True
846,0.9809549191869958,0.019045080813004125,0,0,True
209,0.9909129620499911,0.009087037950008824,0,0,True
1361,0.9923577328935181,0.007642267106481875,0,0,True
125,0.22683525898774903,0.773164741012251,0,1,False
73,0.7831468881404966,0.2168531118595034,0,0,True
619,0.0874745992995698,0.9125254007004302,0,1,False
1653,0.053017321270754536,0.9469826787292455,1,1,True
1336,0.621264065888172,0.37873593411182804,0,0,True
1616,0.11352512409126381,0.8864748759087362,0,1,False
422,0.9131434994847593,0.08685650051524078,0,0,True
646,0.9636389821330459,0.03636101786695415,0,0,True
335,0.6836167273128495,0.31638327268715044,0,0,True
1455,0.49001953862366165,0.5099804613763383,0,1,False
66,0.3854324785221038,0.6145675214778962,0,1,False
1022,0.9446186083453971,0.055381391654602874,0,0,True
1070,0.9331651775381844,0.06683482246181562,0,0,True
691,0.9860443029629296,0.013955697037070404,0,0,True
365,0.9977313633024103,0.002268636697589699,0,0,True
118,0.9181901285256241,0.08180987147437586,0,0,True
731,0.9988687197105658,0.0011312802894342447,0,0,True
1916,0.9938472890010353,0.0061527109989647066,0,0,True
77,0.8995131619749713,0.1004868380250287,0,0,True
171,0.9185415027345031,0.08145849726549691,0,0,True
828,0.5565115208267852,0.4434884791732148,0,0,True
985,0.9915997355124667,0.00840026448753331,0,0,True
166,0.9982186034844265,0.0017813965155735433,0,0,True
1700,0.8486583150092246,0.15134168499077535,0,0,True
330,0.9423190853513774,0.05768091464862259,0,0,True
1354,0.5320765823582956,0.46792341764170436,0,0,True
1601,0.976619184896242,0.023380815103757988,0,0,True
968,0.9740198063474267,0.025980193652573272,0,0,True
988,0.46631197381011735,0.5336880261898826,0,1,False
585,0.9666358093178444,0.03336419068215556,0,0,True
53,0.9136702076221892,0.08632979237781085,0,0,True
943,0.43992171975705086,0.5600782802429491,0,1,False
1662,0.9610104959739759,0.03898950402602405,0,0,True
1771,0.9952604445517576,0.004739555448242411,0,0,True
928,0.9453015963821959,0.054698403617804044,0,0,True
1523,0.838799112672065,0.16120088732793503,0,0,True
1991,0.6495266211415487,0.35047337885845137,0,0,True
1903,0.9692159416243008,0.030784058375699155,0,0,True
948,0.03135684581447551,0.9686431541855245,0,1,False
786,0.5579453748866086,0.44205462511339144,0,0,True
141,0.5391814666276613,0.4608185333723387,0,0,True
1272,0.23336491841220086,0.7666350815877991,0,1,False
1160,0.8980965903943451,0.1019034096056549,0,0,True
838,0.9972576775588337,0.002742322441166319,0,0,True
1565,0.9732879728738758,0.026712027126124235,0,0,True
1008,0.9563219837226604,0.04367801627733956,0,0,True
414,0.982146522111955,0.01785347788804505,0,0,True
903,0.9510847943242934,0.04891520567570664,0,0,True
1817,0.9596877742950389,0.040312225704961034,0,0,True
1561,0.9993320524435437,0.0006679475564562652,0,0,True
1683,0.7546152181771891,0.24538478182281084,0,0,True
545,0.5691552089198992,0.43084479108010076,0,0,True
1114,0.9537798897201463,0.04622011027985371,0,0,True
303,0.9811123577179071,0.018887642282092925,0,0,True
589,0.9237516597072879,0.07624834029271206,0,0,True
936,0.8573365419998571,0.14266345800014285,0,0,True
54,0.957253951269304,0.04274604873069597,0,0,True
44,0.98898929187309,0.011010708126909978,0,0,True
629,0.0007037270412847407,0.9992962729587153,1,1,True
236,0.8791608854515687,0.12083911454843133,0,0,True
800,0.9458128186648547,0.05418718133514537,0,0,True
1347,0.9990023709226247,0.000997629077375342,0,0,True
89,0.7315021457395134,0.2684978542604865,0,0,True
265,0.9648255867888733,0.03517441321112665,0,0,True
858,0.9839768929396912,0.016023107060308815,0,0,True
1306,0.9973458499858564,0.002654150014143617,0,0,True
311,0.9924314195088718,0.007568580491128165,0,0,True
1488,0.998826174291052,0.0011738257089480033,0,0,True
884,0.0066349406298322755,0.9933650593701677,1,1,True
1108,0.9583228567486156,0.04167714325138442,0,0,True
840,0.7235529596834196,0.2764470403165804,0,0,True
1696,0.3643882875434614,0.6356117124565386,0,1,False
37,0.01394773491361867,0.9860522650863813,1,1,True
791,0.9964163038153747,0.0035836961846252924,0,0,True
285,0.2757971540337918,0.7242028459662082,0,1,False
1554,0.8035213092180067,0.1964786907819933,0,0,True
400,0.7516245883161271,0.24837541168387292,0,0,True
172,0.6155736735090478,0.38442632649095226,0,0,True
156,0.8776743060252233,0.12232569397477662,0,0,True
469,0.9602553095865594,0.039744690413440614,0,0,True
755,0.8833771568706207,0.11662284312937934,0,0,True
716,0.971674759931256,0.028325240068744012,0,0,True
1882,0.8411520727829845,0.15884792721701543,0,0,True
1410,0.6196357530268728,0.3803642469731272,0,0,True
192,0.9302089563836887,0.06979104361631125,0,0,True
1871,0.9870736631809717,0.012926336819028288,0,0,True
198,0.7670136409213658,0.2329863590786342,0,0,True
214,0.9573358964153725,0.04266410358462748,0,0,True
1893,0.6611477674000206,0.33885223259997943,0,0,True
1153,0.9852040993289297,0.014795900671070339,0,0,True
459,0.7842223123582239,0.2157776876417761,0,0,True
25,0.9126593552905644,0.08734064470943559,0,0,True
701,0.9994538058550837,0.0005461941449162983,0,0,True
1829,0.9870386705357754,0.012961329464224531,0,0,True
1646,0.693434857914669,0.3065651420853311,0,0,True
1458,0.9876524068800997,0.012347593119900272,0,0,True
139,0.9671192867325691,0.03288071326743092,0,0,True
1667,0.9107448213622784,0.08925517863772163,0,0,True
1454,0.9316904593852173,0.06830954061478269,0,0,True
976,0.9530046652534705,0.046995334746529525,0,0,True
965,0.8569992455314848,0.14300075446851518,0,0,True
1055,0.8523823219438806,0.14761767805611933,0,0,True
1457,0.8160640638545783,0.1839359361454217,0,0,True
1539,0.9303523353706464,0.0696476646293536,0,0,True
679,0.7571940432112925,0.24280595678870748,0,0,True
128,0.15117066472045704,0.848829335279543,0,1,False
779,0.9974151949656442,0.002584805034355787,0,0,True
443,0.0414958161403457,0.9585041838596543,1,1,True
1234,0.9516254617012838,0.04837453829871621,0,0,True
83,0.9504925856539544,0.04950741434604552,0,0,True
255,0.594750624224982,0.40524937577501796,0,0,True
1819,0.9967901248106447,0.003209875189355302,0,0,True
1588,0.1698055620843818,0.8301944379156182,0,1,False
1980,0.8199361381666689,0.18006386183333112,0,0,True
213,0.9996066515320194,0.0003933484679805907,0,0,True
647,0.6690207964583823,0.33097920354161764,1,0,False
872,0.5775154602688781,0.4224845397311219,0,0,True
894,0.5514760872682255,0.4485239127317745,0,0,True
1430,0.9390419366845768,0.06095806331542315,0,0,True
559,0.9849357958045417,0.01506420419545823,0,0,True
1613,0.9978020484682547,0.002197951531745302,0,0,True
874,0.9930953601622496,0.006904639837750335,0,0,True
1130,0.7734371951612004,0.22656280483879962,0,0,True
583,0.5882838117953854,0.41171618820461464,0,0,True
587,0.8925322108952343,0.10746778910476576,0,0,True
1889,0.6943695711487747,0.30563042885122527,0,0,True
574,0.8209657877821909,0.17903421221780916,0,0,True
1211,0.7995103228683758,0.20048967713162422,0,0,True
522,0.9834894609687345,0.016510539031265488,0,0,True
1484,0.5165976821836655,0.4834023178163344,0,0,True
84,0.726665119743058,0.273334880256942,0,0,True
334,0.002850737214713961,0.997149262785286,1,1,True
200,0.7886098290680568,0.21139017093194326,0,0,True
1850,0.7862401551816339,0.21375984481836607,0,0,True
142,0.9099501559735941,0.09004984402640588,0,0,True
1450,0.98245759650551,0.017542403494490016,0,0,True
1011,0.9326801989529268,0.06731980104707325,0,0,True
460,0.9889710026845583,0.011028997315441767,0,0,True
599,0.9565773151153898,0.04342268488461025,0,0,True
457,0.9973248740921703,0.002675125907829658,0,0,True
1343,0.9987384452060144,0.0012615547939856008,0,0,True
1131,0.4272929999816243,0.5727070000183757,1,1,True
1943,0.9028888207535378,0.09711117924646215,0,0,True
962,0.990665901093285,0.009334098906715035,0,0,True
571,0.9389239460175298,0.061076053982470194,0,0,True
823,0.8827189749238152,0.11728102507618479,0,0,True
1798,0.9711050391222944,0.02889496087770562,0,0,True
115,0.9916142515327537,0.008385748467246278,0,0,True
1482,0.9840415771890982,0.015958422810901714,0,0,True
1932,0.9737400760507311,0.02625992394926887,0,0,True
752,0.6715145225532974,0.32848547744670265,0,0,True
1465,0.9664519704515614,0.03354802954843857,0,0,True
1253,0.9734613985790405,0.026538601420959585,0,0,True
987,0.9919843611582052,0.008015638841794756,0,0,True
783,0.9080025756035154,0.09199742439648459,0,0,True
623,0.9162846303629447,0.0837153696370553,0,0,True
1459,0.9701250576819773,0.029874942318022672,0,0,True
1860,0.9984652227992523,0.0015347772007476624,0,0,True
1328,0.013980895534155935,0.9860191044658441,1,1,True
1053,0.8823222394173929,0.1176777605826072,0,0,True
1351,0.6129075369829162,0.38709246301708383,0,0,True
1818,0.9622171736686138,0.03778282633138614,0,0,True
895,0.9440990977763828,0.055900902223617266,0,0,True
193,0.9776151679080011,0.022384832091998944,0,0,True
0,0.9956026865932549,0.00439731340674515,0,0,True
848,0.9465397878190156,0.05346021218098442,0,0,True
1540,0.9625567347732262,0.03744326522677372,0,0,True
281,0.6887707790709241,0.31122922092907584,0,0,True
1174,0.9974591100986688,0.00254088990133119,0,0,True
1353,0.9988699364490673,0.0011300635509327401,0,0,True
1533,0.9983057556609727,0.0016942443390272892,0,0,True
1044,0.97977211414142,0.02022788585858009,0,0,True
205,0.9956913432304353,0.004308656769564678,0,0,True
324,0.9522718842939214,0.047728115706078614,0,0,True
297,0.9768193190194822,0.023180680980517798,0,0,True
1100,0.9995509208455817,0.00044907915441823375,0,0,True
1730,0.9925761587942715,0.007423841205728426,0,0,True
1235,0.9926007957591558,0.007399204240844216,0,0,True
1950,0.9277808736926481,0.072219126307352,0,0,True
452,0.8582463349594163,0.14175366504058373,0,0,True
901,0.9969571062587894,0.003042893741210601,0,0,True
1514,0.3533683623577297,0.6466316376422703,0,1,False
1067,0.9217758179354,0.07822418206459998,0,0,True
1993,0.3744989426126769,0.6255010573873231,0,1,False
55,0.9955980546120043,0.004401945387995659,0,0,True
1052,0.9966969674515643,0.0033030325484356797,0,0,True
1507,0.4947079843124721,0.5052920156875279,0,1,False
776,0.10045596289906689,0.8995440371009331,0,1,False
964,0.8733379483110006,0.12666205168899936,0,0,True
1066,0.9869458463665464,0.013054153633453641,0,0,True
926,0.011625181399414264,0.9883748186005857,1,1,True
1504,0.9891558989488582,0.010844101051141787,0,0,True
1885,0.9414952052497689,0.058504794750231126,0,0,True
182,0.9163264620237086,0.08367353797629146,0,0,True
748,0.00571095429846824,0.9942890457015318,1,1,True
1284,0.050605888840702495,0.9493941111592975,1,1,True
1615,0.8241427174947247,0.17585728250527538,0,0,True
1321,0.9997890270872497,0.00021097291275031747,0,0,True
815,0.7504359002377208,0.24956409976227928,0,0,True
212,0.8942914994791582,0.10570850052084174,0,0,True
880,0.8219074257557081,0.1780925742442919,0,0,True
80,0.15181201170374647,0.8481879882962535,0,1,False
1277,0.9931632809115212,0.006836719088478851,0,0,True
1121,0.7252409623898508,0.2747590376101492,0,0,True
762,0.9740796768967889,0.02592032310321113,0,0,True
1621,0.6668577110482959,0.33314228895170406,0,0,True
1838,0.8057165390960748,0.19428346090392518,0,0,True
227,0.994890188845689,0.00510981115431094,0,0,True
1690,0.9943599286535113,0.005640071346488679,0,0,True
385,0.8203247861712392,0.17967521382876084,0,0,True
61,0.9313385154370838,0.06866148456291622,0,0,True
575,0.7381672132520589,0.26183278674794114,1,0,False
1872,0.9922730792515297,0.007726920748470203,0,0,True
1641,0.48708158908795085,0.5129184109120491,0,1,False
1222,0.9826227355161549,0.017377264483845137,0,0,True
1688,0.9853230046608191,0.014676995339180904,0,0,True
96,0.7670838419616465,0.2329161580383535,0,0,True
542,0.9735045214575362,0.026495478542463837,0,0,True
69,0.315937935325472,0.684062064674528,0,1,False
969,0.9717687738170578,0.028231226182942194,0,0,True
1451,0.9795153906944356,0.020484609305564432,0,0,True
403,0.4825021121537858,0.5174978878462142,0,1,False
1494,0.009682713951925326,0.9903172860480747,1,1,True
1964,0.9543494356574388,0.04565056434256117,0,0,True
1307,0.7652946119726635,0.23470538802733656,1,0,False
1815,0.9772446669524433,0.022755333047556676,0,0,True
902,0.9968457356581243,0.00315426434187576,0,0,True
937,0.19528843145502084,0.8047115685449792,0,1,False
43,0.7873827885224856,0.21261721147751447,0,0,True
458,0.9926862335021591,0.007313766497840897,0,0,True
758,0.43327152868300667,0.5667284713169933,0,1,False
1822,0.9039202012862448,0.09607979871375512,0,0,True
327,0.04182206402372446,0.9581779359762755,1,1,True
251,0.9976605010594848,0.002339498940515233,0,0,True
1566,0.9592001995607005,0.04079980043929949,0,0,True
584,0.7278885737540424,0.2721114262459577,0,0,True
554,0.7656303074577133,0.23436969254228665,0,0,True
1665,0.7970740535887193,0.20292594641128073,0,0,True
1657,0.9861870466888342,0.013812953311165823,0,0,True
904,0.9874977629148122,0.012502237085187868,0,0,True
119,0.9878871080369649,0.012112891963035107,0,0,True
1142,0.868937417898614,0.131062582101386,0,0,True
394,0.8736007978261717,0.12639920217382825,0,0,True
273,0.8162737516524213,0.18372624834757867,0,0,True
483,0.9479453050815032,0.05205469491849674,0,0,True
463,0.7232808055058628,0.2767191944941371,0,0,True
1652,0.9804835132678269,0.01951648673217312,0,0,True
1018,0.9030208407551894,0.09697915924481058,0,0,True
1408,0.8533453291838424,0.1466546708161576,0,0,True
1420,0.9760919770029822,0.02390802299701773,0,0,True
517,0.9832253455789266,0.01677465442107345,0,0,True
1757,0.9860224637649007,0.013977536235099324,0,0,True
71,0.9452645897285871,0.05473541027141289,0,0,True
246,0.6180973628366655,0.38190263716333456,0,0,True
788,0.050681826488922055,0.949318173511078,1,1,True
1460,0.9144067431461914,0.08559325685380854,0,0,True
966,0.9941085811206004,0.005891418879399594,0,0,True
609,0.409974285446044,0.590025714553956,1,1,True
50,0.9933087300859751,0.006691269914024868,0,0,True
1300,0.811817832919381,0.18818216708061897,0,0,True
734,0.9079084825993341,0.09209151740066594,0,0,True
1516,0.9363821624412233,0.06361783755877673,0,0,True
655,0.9519260272572284,0.04807397274277154,0,0,True
387,0.9672828697750855,0.032717130224914556,0,0,True
919,0.9820773119980835,0.01792268800191655,0,0,True
1982,0.9968738410904195,0.0031261589095804747,0,0,True
1136,0.626598896315288,0.37340110368471197,0,0,True
279,0.983352715807389,0.016647284192610946,0,0,True
1436,0.9962011966946536,0.0037988033053464113,0,0,True
2005,0.9937064547238068,0.006293545276193209,0,0,True
591,0.7854836166304755,0.21451638336952455,0,0,True
1163,0.9798556346386832,0.020144365361316845,0,0,True
494,0.9944302719485696,0.005569728051430428,0,0,True
250,0.9472076025578479,0.052792397442152125,0,0,True
830,0.9704471669062399,0.029552833093760087,0,0,True
428,0.8180041647607885,0.18199583523921148,0,0,True
105,0.7013617787501258,0.2986382212498742,0,0,True
503,0.9449706215776031,0.05502937842239683,0,0,True
478,0.9949345215369871,0.005065478463012882,0,0,True
727,0.9647907126612179,0.03520928733878214,0,0,True
470,0.9884033974654235,0.011596602534576513,0,0,True
1105,0.9951444415171489,0.004855558482851127,0,0,True
1497,0.8906044110761641,0.10939558892383593,0,0,True
52,0.924440243807434,0.07555975619256607,0,0,True
74,0.9948926079135889,0.0051073920864111175,0,0,True
1902,0.9912358502703662,0.00876414972963381,0,0,True
1624,0.9970525875311366,0.0029474124688634146,0,0,True
911,0.022230676939036353,0.9777693230609636,0,1,False
1355,0.01385144295670837,0.9861485570432916,1,1,True
306,0.9449576410572684,0.05504235894273161,0,0,True
579,0.9816221456981716,0.018377854301828415,0,0,True
420,0.979423548226935,0.02057645177306502,0,0,True
1697,0.9991418169206094,0.0008581830793906035,0,0,True
1719,0.9932867956180751,0.006713204381924933,0,0,True
541,0.9358156369994883,0.06418436300051164,0,0,True
4,0.6745639159422621,0.3254360840577379,0,0,True
328,0.004461008171311676,0.9955389918286883,1,1,True
1705,0.9637290359951004,0.03627096400489956,0,0,True
820,0.9980586425874809,0.001941357412519075,0,0,True
1542,0.2748741082990641,0.7251258917009359,0,1,False
1196,0.9739343656560017,0.026065634343998372,0,0,True
99,0.9949084502344421,0.005091549765557902,0,0,True
1668,0.976701970521048,0.02329802947895203,0,0,True
608,0.6345092875885052,0.3654907124114947,0,0,True
956,0.7998516878482053,0.20014831215179474,0,0,True
829,0.9858180410334294,0.014181958966570634,0,0,True
1905,0.9477694800910282,0.052230519908971734,0,0,True
1587,0.9958525633274139,0.004147436672586102,0,0,True
1604,0.9046431125849347,0.09535688741506529,0,0,True
1639,0.9335033059680778,0.06649669403192211,0,0,True
1614,0.9355673119901642,0.06443268800983583,0,0,True
1338,0.9925434825600208,0.007456517439979214,0,0,True
790,0.8715122940228597,0.12848770597714032,0,0,True
416,0.9868734498935512,0.013126550106448864,0,0,True
1702,0.05505130706862782,0.9449486929313722,0,1,False
148,0.9989583727716876,0.0010416272283123378,0,0,True
547,0.9762099046292352,0.023790095370764777,0,0,True
538,0.9044423396430132,0.09555766035698679,0,0,True
154,0.9632181213981146,0.03678187860188537,0,0,True
1677,0.9319942425240219,0.06800575747597817,0,0,True
423,0.7165909687793195,0.28340903122068056,0,0,True
1456,0.34824415423555555,0.6517558457644445,0,1,False
604,0.9783171075340726,0.02168289246592737,0,0,True
1418,0.9954741093363443,0.004525890663655761,0,0,True
1444,0.9741226122005298,0.025877387799470193,0,0,True
1382,0.005942225574987248,0.9940577744250128,1,1,True
17,0.9595484361776847,0.04045156382231531,0,0,True
1670,0.9909972663122943,0.009002733687705692,0,0,True
757,0.7103654669922344,0.2896345330077656,0,0,True
298,0.9543479040184603,0.04565209598153979,0,0,True
1086,0.9784705982718448,0.021529401728155165,0,0,True
878,0.03233099361319269,0.9676690063868073,1,1,True
1490,0.04379800642512821,0.9562019935748718,1,1,True
510,0.9975419787903379,0.002458021209662072,0,0,True
1151,0.9892663867059303,0.010733613294069732,0,0,True
1118,0.8132852952702879,0.1867147047297121,1,0,False
299,0.992988509165001,0.007011490834998965,0,0,True
1146,0.9558228670289002,0.044177132971099854,0,0,True
491,0.9979378704358532,0.002062129564146733,0,0,True
1411,0.9990866946759889,0.0009133053240111567,0,0,True
1029,0.5149261292906133,0.48507387070938673,0,0,True
85,0.16169775891946392,0.8383022410805361,1,1,True
1091,0.9954894680851374,0.00451053191486262,0,0,True
1001,0.8309113928056059,0.16908860719439414,0,0,True
1190,0.9528118643258328,0.04718813567416726,0,0,True
1972,0.679228078788277,0.320771921211723,0,0,True
898,0.9356292174086349,0.06437078259136506,0,0,True
1578,0.10985226814920857,0.8901477318507914,0,1,False
1223,0.9061694024752274,0.09383059752477269,0,0,True
1027,0.9812439076532038,0.018756092346796177,0,0,True
550,0.6768271793620575,0.32317282063794256,0,0,True
174,0.9781630418331284,0.021836958166871555,0,0,True
1365,0.6309461237151435,0.36905387628485653,0,0,True
1864,0.986399057871353,0.013600942128647023,0,0,True
1522,0.9333635609420925,0.06663643905790745,0,0,True
530,0.5157445927426312,0.48425540725736876,0,0,True
347,0.8531092432109342,0.14689075678906582,0,0,True
389,0.9180331195958819,0.08196688040411819,0,0,True
31,0.9758881834752895,0.024111816524710474,0,0,True
1909,0.6846701914118624,0.31532980858813764,0,0,True
417,0.98445411309495,0.015545886905050021,0,0,True
2006,0.56316775221619,0.43683224778381,1,0,False
1806,0.9762212168671345,0.023778783132865494,0,0,True
546,0.9065229407989386,0.09347705920106142,0,0,True
1240,0.7698364096701826,0.2301635903298173,0,0,True
1333,0.9974733537429916,0.0025266462570083703,0,0,True
1267,0.9926124902856159,0.007387509714384117,0,0,True
642,0.7146419349959664,0.2853580650040336,1,0,False
1246,0.9776237780535771,0.022376221946422897,0,0,True
1917,0.9675122382350113,0.032487761764988646,0,0,True
1489,0.9639072839053964,0.03609271609460365,0,0,True
1807,0.9350547964429368,0.06494520355706325,0,0,True
941,0.9979060105961337,0.0020939894038663064,0,0,True
354,0.9964711540000589,0.0035288459999410536,0,0,True
1072,0.9975741545551587,0.0024258454448413042,0,0,True
1738,0.9741446319038496,0.025855368096150386,0,0,True
1313,0.7925742102320066,0.20742578976799347,0,0,True
331,0.9946469974869704,0.005353002513029667,0,0,True
1505,0.9801894474976259,0.019810552502374054,0,0,True
534,0.9984010261121371,0.0015989738878628907,0,0,True
728,0.7670780920315244,0.23292190796847556,0,0,True
576,0.9141438705006389,0.08585612949936108,0,0,True
101,0.9567181645844685,0.04328183541553159,0,0,True
1927,0.7078583021713707,0.2921416978286293,0,0,True
1821,0.904730037480632,0.09526996251936806,0,0,True
1832,0.9671801068252085,0.032819893174791524,0,0,True
1546,0.7206381611106996,0.2793618388893005,0,0,True
1977,0.8528547935869499,0.14714520641305,0,0,True
1961,0.9956229830114187,0.004377016988581228,0,0,True
1087,0.9933170635098728,0.00668293649012721,0,0,True
1453,0.7183903802191294,0.2816096197808707,0,0,True
1780,0.9956793488910359,0.004320651108964076,0,0,True
910,0.9810226344670363,0.018977365532963652,0,0,True
1924,0.9910939596264424,0.008906040373557593,0,0,True
869,0.723638750422041,0.27636124957795904,0,0,True
1327,0.9449552322172469,0.05504476778275316,0,0,True
229,0.9967995179563167,0.0032004820436833392,0,0,True
682,0.8690112625596964,0.13098873744030357,0,0,True
1409,0.997814822871645,0.0021851771283550136,0,0,True
1399,0.9410401250476316,0.05895987495236848,0,0,True
252,0.8656467304299936,0.1343532695700064,0,0,True
492,0.9971267764415717,0.002873223558428309,0,0,True
536,0.028625903627297333,0.9713740963727027,0,1,False
960,0.7981567601944465,0.20184323980555355,0,0,True
1754,0.05094600594920795,0.949053994050792,1,1,True
364,0.7497198086682394,0.2502801913317606,0,0,True
818,0.08771704052381035,0.9122829594761896,0,1,False
1309,0.9996254319465367,0.0003745680534632445,0,0,True
1595,0.9506730223297727,0.04932697767022734,0,0,True
208,0.0039470515244490745,0.9960529484755509,1,1,True
16,0.8602215725692051,0.13977842743079494,0,0,True
1992,0.9165820170353157,0.08341798296468424,0,0,True
839,0.7819326716244119,0.21806732837558812,0,0,True
1945,0.47637594520900106,0.5236240547909989,0,1,False
1317,0.9625440573058324,0.03745594269416759,0,0,True
475,0.9493800710574407,0.05061992894255928,0,0,True
1362,0.7785963993136887,0.2214036006863113,0,0,True
1869,0.9539404085150812,0.04605959148491875,0,0,True
1431,0.9870488237866925,0.012951176213307589,0,0,True
453,0.9783781074123931,0.021621892587606925,0,0,True
1774,0.9638329996443492,0.03616700035565084,0,0,True
1479,0.05749550402217318,0.9425044959778268,1,1,True
1237,0.3086856524333218,0.6913143475666782,1,1,True
1728,0.9410109876889142,0.058989012311085755,0,0,True
1698,0.9748114461803928,0.02518855381960717,0,0,True
1119,0.9992563157432958,0.0007436842567042392,0,0,True
293,0.9984414769032556,0.001558523096744474,0,0,True
712,0.15635803081383193,0.8436419691861681,1,1,True
87,0.5152306318543823,0.48476936814561766,0,0,True
1033,0.9910396288606659,0.008960371139334088,0,0,True
1446,0.9946589485179143,0.005341051482085778,0,0,True
1126,0.9298850020000565,0.07011499799994345,0,0,True
556,0.965768842906863,0.03423115709313698,0,0,True
1914,0.9930712065778726,0.006928793422127349,0,0,True
1611,0.8667166750488207,0.13328332495117928,0,0,True
1331,0.9974304473250999,0.0025695526749001116,0,0,True
170,0.0012395255006804051,0.9987604744993196,1,1,True
1886,0.9522998133542105,0.04770018664578945,0,0,True
631,0.017047861801377517,0.9829521381986225,0,1,False
1691,0.3940545214424761,0.6059454785575239,0,1,False
1014,0.9529052043673242,0.04709479563267581,0,0,True
592,0.91042585807286,0.08957414192713997,0,0,True
254,0.9875767750491173,0.012423224950882711,0,0,True
650,0.8218098052108529,0.17819019478914708,0,0,True
1188,0.997586211526927,0.002413788473073101,0,0,True
51,0.8923924229832856,0.10760757701671439,0,0,True
404,0.9991529003436925,0.0008470996563074796,0,0,True
1041,0.7641973514147083,0.23580264858529168,0,0,True
1182,0.6730142972796809,0.3269857027203191,0,0,True
29,0.9014497832897628,0.09855021671023723,0,0,True
1619,0.9910992184808011,0.008900781519198911,0,0,True
440,0.984652045547113,0.01534795445288696,0,0,True
439,0.7488808773520044,0.2511191226479956,0,0,True
678,0.9312880971698225,0.0687119028301775,0,0,True
1421,0.9384366848494221,0.061563315150577905,0,0,True
201,0.9166872940013711,0.08331270599862893,0,0,True
1424,0.7285896596900763,0.2714103403099238,0,0,True
484,0.9991017803152272,0.00089821968477276,0,0,True
1551,0.9900712033854356,0.009928796614564367,0,0,True
877,0.9698377674356807,0.03016223256431922,0,0,True
490,0.9955194267460119,0.00448057325398814,0,0,True
1215,0.9181747080438435,0.08182529195615651,0,0,True
1868,0.9653972907191942,0.03460270928080575,0,0,True
864,0.49740437806988436,0.5025956219301156,0,1,False
499,0.8433476110855029,0.1566523889144971,0,0,True
1360,0.9873939056608134,0.012606094339186578,0,0,True
495,0.483730809396516,0.516269190603484,0,1,False
1319,0.2442472407409343,0.7557527592590657,0,1,False
1843,0.8505590554396947,0.14944094456030538,0,0,True
1968,0.5238437458611152,0.4761562541388848,0,0,True
533,0.9958138867460303,0.004186113253969673,0,0,True
520,0.6902933850983115,0.3097066149016885,0,0,True
1396,0.9981312263451818,0.0018687736548182203,0,0,True
1636,0.9992360840942657,0.0007639159057342716,0,0,True
1168,0.990077772506329,0.009922227493671028,0,0,True
22,0.9271876910045234,0.07281230899547658,0,0,True
1051,0.9175641356049014,0.08243586439509863,0,0,True
1364,0.8288064139601556,0.1711935860398443,0,0,True
60,0.8389869705027042,0.1610130294972958,0,0,True
1141,0.8295000508154173,0.17049994918458264,0,0,True
1804,0.8235349222865682,0.1764650777134318,0,0,True
282,0.7749785179866413,0.22502148201335867,0,0,True
1969,0.9735362993467984,0.02646370065320154,0,0,True
1689,0.9968278061684114,0.0031721938315886654,0,0,True
1007,0.8794306425472587,0.12056935745274128,0,0,True
1965,0.9456153344038455,0.054384665596154534,0,0,True
300,0.9863177068457115,0.013682293154288492,0,0,True
1582,0.989463702835255,0.010536297164744975,0,0,True
1332,0.06218110874820593,0.9378188912517941,0,1,False
340,0.9998254338376221,0.0001745661623778645,0,0,True
1921,0.013093490346589354,0.9869065096534106,1,1,True
860,0.9681108928843787,0.03188910711562134,0,0,True
1037,0.6818812046224694,0.3181187953775307,0,0,True
1493,0.26843058937182573,0.7315694106281743,0,1,False
664,0.7192358893495767,0.2807641106504232,0,0,True
1281,0.9084429822892637,0.09155701771073628,0,0,True
289,0.9988699297577315,0.0011300702422685734,0,0,True
435,0.8076392119026875,0.19236078809731247,0,0,True
632,0.9554651000217405,0.04453489997825955,0,0,True
1295,0.0042646911692924006,0.9957353088307076,1,1,True
654,0.8513254312520527,0.14867456874794727,0,0,True
1974,0.9589709235647123,0.04102907643528777,0,0,True
384,0.8009351286197379,0.19906487138026202,0,0,True
1398,0.0003381801198634182,0.9996618198801366,1,1,True
1404,0.9917324006009374,0.008267599399062625,0,0,True
514,0.9906936536223988,0.009306346377601188,0,0,True
1170,0.5117074260619007,0.48829257393809933,0,0,True
1937,0.9036592589509842,0.09634074104901584,0,0,True
1214,0.9097991892864997,0.0902008107135003,0,0,True
307,0.96946178320158,0.030538216798419896,0,0,True
900,0.9931251514642202,0.0068748485357798435,0,0,True
1248,0.27603490252473195,0.723965097475268,0,1,False
747,0.915969430660128,0.08403056933987196,0,0,True
1227,0.813997479280253,0.186002520719747,0,0,True
1367,0.9991880346555135,0.0008119653444864501,0,0,True
123,0.9969630303237633,0.0030369696762366713,0,0,True
308,0.9675047324146697,0.03249526758533025,0,0,True
127,0.0732679848430855,0.9267320151569145,1,1,True
1570,0.9794058975702102,0.02059410242978971,0,0,True
1166,0.9230048850257137,0.07699511497428634,0,0,True
1763,0.9947949224444024,0.005205077555597606,0,0,True
683,0.749329020506532,0.25067097949346795,0,0,True
10,0.7522034624024303,0.2477965375975697,0,0,True
1468,0.6195406762092874,0.3804593237907126,0,0,True
1425,0.9828776786874435,0.017122321312556546,0,0,True
1976,0.04370766499696166,0.9562923350030383,1,1,True
560,0.898662649478977,0.101337350521023,0,0,True
444,0.08041202981647932,0.9195879701835207,1,1,True
1618,0.9938222308498414,0.006177769150158562,0,0,True
367,0.7557437630031543,0.2442562369968457,0,0,True
1568,0.6711362848795597,0.32886371512044027,0,0,True
922,0.0013147237300386028,0.9986852762699614,1,1,True
917,0.8799550156530563,0.12004498434694362,0,0,True
1549,0.9912481878768994,0.00875181212310062,0,0,True
1663,0.999676253032256,0.0003237469677439595,0,0,True
399,0.6537426345146669,0.34625736548533315,1,0,False
1263,0.6309925751156105,0.3690074248843895,0,0,True
434,0.9687041975258524,0.03129580247414763,0,0,True
1942,0.8457631920751083,0.15423680792489175,0,0,True
1910,0.9911011410232795,0.008898858976720495,0,0,True
266,0.04655936246478665,0.9534406375352134,1,1,True
1147,0.9932203254915013,0.006779674508498676,0,0,True
649,0.9777494458425596,0.022250554157440327,0,0,True
235,0.011633873075755252,0.9883661269242447,1,1,True
1183,0.9725487499279628,0.0274512500720372,0,0,True
662,0.954887556402598,0.04511244359740194,0,0,True
1731,0.9972532522160776,0.002746747783922403,0,0,True
339,0.8331197528044314,0.16688024719556863,0,0,True
557,0.8724742778133862,0.12752572218661384,0,0,True
863,0.980794693818828,0.019205306181171968,0,0,True
1536,0.943121185170672,0.05687881482932802,0,0,True
368,0.9061504107114667,0.0938495892885333,0,0,True
908,0.9919967672895909,0.008003232710409192,0,0,True
366,0.03913691502114014,0.9608630849788599,1,1,True
617,0.7200888303625732,0.2799111696374268,0,0,True
202,0.9896416896968488,0.010358310303151154,0,0,True
792,0.9616380139194476,0.0383619860805524,0,0,True
410,0.989589876541611,0.010410123458388992,0,0,True
386,0.5110780138818585,0.4889219861181416,0,0,True
58,0.9929810785876144,0.00701892141238553,0,0,True
1445,0.5965713025186591,0.4034286974813409,0,0,True
921,0.9504975895783293,0.04950241042167069,0,0,True
1491,0.6164996738517392,0.3835003261482608,0,0,True
1288,0.8714479652332713,0.12855203476672872,0,0,True
1814,0.7120290067800812,0.28797099321991876,0,0,True
668,0.07853886622617257,0.9214611337738274,1,1,True
1181,0.9920488796610408,0.007951120338959203,0,0,True
1796,0.0038838462336412416,0.9961161537663588,0,1,False
1412,0.0036005438969414216,0.9963994561030586,1,1,True
637,0.36746707465338313,0.6325329253466169,0,1,False
114,0.8640553903010414,0.13594460969895864,0,0,True
1855,0.883803756620614,0.11619624337938608,0,0,True
1748,0.5018352821341496,0.4981647178658503,0,0,True
1092,0.819101724670341,0.180898275329659,0,0,True
1208,0.05692085345412978,0.9430791465458702,1,1,True
686,0.997797181487667,0.0022028185123329266,0,0,True
995,0.06776415342571995,0.93223584657428,1,1,True
146,0.9972452939623192,0.0027547060376807517,0,0,True
1123,0.9295378498479487,0.0704621501520512,0,0,True
1487,0.9932487674603844,0.006751232539615597,0,0,True
729,0.9364201293257488,0.06357987067425114,0,0,True
415,0.8067124040520829,0.1932875959479171,0,0,True
395,0.9789055618385814,0.021094438161418698,0,0,True
1726,0.7835687222444849,0.21643127775551507,0,0,True
1676,0.9137714472352384,0.08622855276476163,0,0,True
1913,0.7372391267393306,0.26276087326066944,0,0,True
638,0.2958319404685179,0.7041680595314821,0,1,False
915,0.8559429637283124,0.14405703627168767,0,0,True
1753,0.0004396754070892239,0.9995603245929108,1,1,True
1134,0.7880191230424031,0.21198087695759696,0,0,True
1112,0.872960729029685,0.12703927097031498,0,0,True
1016,0.9092176464734906,0.09078235352650946,0,0,True
906,0.9479342917124156,0.05206570828758439,0,0,True
1352,0.5328524595592251,0.4671475404407749,0,0,True
501,0.9985689993709491,0.001431000629050918,0,0,True
1953,0.9984858706209206,0.001514129379079406,0,0,True
1998,0.8183353594087134,0.18166464059128665,0,0,True
1363,0.9453714714754764,0.05462852852452363,0,0,True
393,0.9947237645237085,0.005276235476291536,0,0,True
1428,0.9318431521322714,0.0681568478677286,0,0,True
693,0.7675029419527231,0.232497058047277,0,0,True
1434,0.993402508655036,0.006597491344963971,0,0,True
1492,0.9924795741115969,0.007520425888403044,0,0,True
284,0.9441350430122857,0.05586495698771435,0,0,True
1559,0.9611539423030557,0.038846057696944256,0,0,True
1261,0.9898313239047003,0.010168676095299738,0,0,True
770,0.9989305165013844,0.0010694834986156145,0,0,True
412,0.7177025454860093,0.28229745451399074,0,0,True
1194,0.9786849448099706,0.02131505519002938,0,0,True
1299,0.9631006319110175,0.03689936808898258,0,0,True
1115,0.8648529347773397,0.13514706522266026,0,0,True
1005,0.9994073385685646,0.0005926614314354913,0,0,True
1628,0.9578345782854029,0.042165421714597105,0,0,True
1564,0.9914498966909888,0.008550103309011148,0,0,True
1923,0.6094441032983916,0.3905558967016084,0,0,True
760,0.9741651038416793,0.025834896158320683,0,0,True
1339,0.9426907099069763,0.0573092900930237,0,0,True
1548,0.49947281240240904,0.500527187597591,0,1,False
78,0.020330743226302128,0.9796692567736979,1,1,True
684,0.9568489010878386,0.04315109891216135,0,0,True
191,0.9403154313168997,0.05968456868310037,0,0,True
1093,0.7988741610271051,0.20112583897289493,0,0,True
1042,0.9932985416530343,0.006701458346965656,0,0,True
1631,0.24378816857065866,0.7562118314293413,0,1,False
742,0.006685611746413578,0.9933143882535864,1,1,True
167,0.9658989431371713,0.03410105686282875,0,0,True
645,0.996237117017159,0.0037628829828410056,0,0,True
462,0.6635762038874475,0.33642379611255246,0,0,True
1021,0.8419348904620664,0.15806510953793365,0,0,True
407,0.8687570953637508,0.13124290463624919,0,0,True
947,0.004334266948675003,0.995665733051325,1,1,True
1714,0.9893485539454732,0.010651446054526885,0,0,True
667,0.5972322713747842,0.40276772862521576,0,0,True
1221,0.6917017726166006,0.30829822738339935,0,0,True
1580,0.9965262591728866,0.0034737408271134237,0,0,True
1371,0.943161244587356,0.05683875541264405,0,0,True
1751,0.8168303304062038,0.18316966959379624,0,0,True
772,0.5532309152752353,0.4467690847247647,0,0,True
512,0.9571096120611455,0.04289038793885444,0,0,True
18,0.7358660074453596,0.2641339925546405,0,0,True
448,0.9707316268217254,0.029268373178274527,0,0,True
859,0.7068078095410734,0.29319219045892664,0,0,True
1848,0.962478652261976,0.037521347738023916,0,0,True
1718,0.9985753282566797,0.0014246717433202716,0,0,True
355,0.8555291630991034,0.14447083690089657,0,0,True
358,0.9578848401812369,0.042115159818763154,0,0,True
685,0.6235597118585134,0.37644028814148656,0,0,True
850,0.9724442443189462,0.027555755681053857,0,0,True
411,0.1611823673402043,0.8388176326597957,0,1,False
480,0.8180206121480252,0.18197938785197473,0,0,True
1452,0.9938241242408773,0.006175875759122653,0,0,True
720,0.3113840527448565,0.6886159472551435,1,1,True
1995,0.9814077388038469,0.018592261196153117,0,0,True
773,0.9803304945094208,0.019669505490579272,0,0,True
1583,0.8221153793672114,0.17788462063278868,0,0,True
1576,0.9833204087185866,0.016679591281413386,0,0,True
1090,0.9991180853638277,0.0008819146361722191,0,0,True
600,0.9710106233586346,0.028989376641365378,0,0,True
90,0.9906671131898244,0.009332886810175602,0,0,True
1374,0.9381088200883988,0.06189117991160121,0,0,True
1305,0.9865151443857011,0.013484855614298909,0,0,True
1981,0.9250558512847895,0.07494414871521055,0,0,True
1790,0.951558043961289,0.048441956038710994,0,0,True
1000,0.9909378285535299,0.009062171446470172,0,0,True
648,0.880497836350575,0.11950216364942504,0,0,True
633,0.914554498701627,0.08544550129837304,0,0,True
421,0.7878127232550493,0.21218727674495075,0,0,True
1107,0.9773389086100233,0.022661091389976788,0,0,True
866,0.6680045636720672,0.3319954363279328,0,0,True
1101,0.997365383551639,0.0026346164483609952,0,0,True
353,0.9655952738359375,0.03440472616406254,0,0,True
1026,0.24119958546076004,0.75880041453924,1,1,True
256,0.9216223230681426,0.07837767693185742,1,0,False
329,0.9890542510884256,0.01094574891157435,0,0,True
511,0.8735506547652084,0.1264493452347916,0,0,True
9,0.8276412131341166,0.17235878686588338,0,0,True
1063,0.9203121423155728,0.07968785768442721,0,0,True
6,0.9239204149358888,0.07607958506411111,0,0,True
1508,0.994218182444351,0.005781817555648985,0,0,True
1289,0.5102087780502336,0.4897912219497665,0,0,True
813,0.9941712883287059,0.0058287116712940484,0,0,True
636,0.9803671780574017,0.019632821942598272,0,0,True
763,0.005850048196615054,0.994149951803385,1,1,True
1692,0.9852465162843718,0.014753483715628242,0,0,True
1089,0.6780192516459357,0.3219807483540643,0,0,True
1795,0.8093211456917399,0.19067885430826012,0,0,True
515,0.9555353956434269,0.0444646043565731,0,0,True
741,0.853489241460524,0.1465107585394761,0,0,True
240,0.7898425468089757,0.2101574531910243,0,0,True
1971,0.9041490158364407,0.09585098416355929,0,0,True
268,0.001947103563385122,0.9980528964366149,1,1,True
1414,0.9764374633334073,0.023562536666592703,0,0,True
318,0.6743936673951689,0.325606332604831,0,0,True
751,0.736473134743574,0.26352686525642605,0,0,True
780,0.9797250277377431,0.020274972262256923,0,0,True
1368,0.8458914216386306,0.15410857836136937,0,0,True
1571,0.9719549728896268,0.028045027110373193,0,0,True
1793,0.9306240338591645,0.06937596614083548,0,0,True
1799,0.855076726086832,0.14492327391316798,0,0,True
157,0.9791412191480676,0.02085878085193237,0,0,True
993,0.5610335367486692,0.4389664632513309,0,0,True
239,0.9958028490491511,0.00419715095084893,0,0,True
946,0.7899355159788256,0.21006448402117442,0,0,True
596,0.9299832768627665,0.07001672313723346,0,0,True
1737,0.9761539689110705,0.02384603108892941,0,0,True
656,0.6359356667452373,0.36406433325476273,0,0,True
726,0.9054248694479516,0.0945751305520483,0,0,True
851,0.9908012515158044,0.009198748484195496,0,0,True
1552,0.9114293049956499,0.08857069500435016,0,0,True
1358,0.9904599642033117,0.009540035796688308,0,0,True
644,0.033106277155838026,0.966893722844162,1,1,True
1296,0.8783910993936928,0.12160890060630725,1,0,False
1852,0.963728076594106,0.036271923405894003,0,0,True
1805,0.9922388410214537,0.007761158978546354,0,0,True
687,0.8548396414242887,0.1451603585757113,0,0,True
124,0.9985833161702216,0.0014166838297784848,0,0,True
405,0.8704102026348777,0.12958979736512227,0,0,True
1225,0.7586139797236667,0.24138602027633327,0,0,True
764,0.9892671629532759,0.010732837046724087,0,0,True
1278,0.7421015199058759,0.2578984800941241,0,0,True
363,0.9207893271729598,0.07921067282704017,0,0,True
1466,0.9110608399843403,0.08893916001565966,0,0,True
1729,0.055061020384372106,0.9449389796156279,1,1,True
1502,0.9385208012434001,0.061479198756599955,0,0,True
91,0.9861147580876068,0.013885241912393152,0,0,True
323,0.25348750571136003,0.74651249428864,1,1,True
1642,0.00026109827439102506,0.999738901725609,1,1,True
1285,0.9901823408911734,0.009817659108826647,0,0,True
1654,0.990443219319211,0.009556780680788987,0,0,True
388,0.8810460990379997,0.1189539009620003,0,0,True
88,0.8654756068240999,0.1345243931759002,0,0,True
1329,0.6238435773986708,0.37615642260132925,0,0,True
1320,0.755599579381004,0.24440042061899597,0,0,True
1710,0.9495723434181559,0.050427656581844074,0,0,True
1939,0.895230939381378,0.10476906061862198,0,0,True
1760,0.7481942238953874,0.25180577610461263,0,0,True
893,0.0012535386788257163,0.9987464613211743,1,1,True
1541,0.9773739337780997,0.02262606622190035,0,0,True
723,0.9894628456011967,0.01053715439880327,0,0,True
1388,0.9978232934051703,0.0021767065948297055,0,0,True
845,0.9953038072411037,0.004696192758896307,0,0,True
1989,0.9484427657064085,0.051557234293591464,0,0,True
888,0.9022567226839036,0.09774327731609642,0,0,True
837,0.9800185797897687,0.019981420210231284,0,0,True
294,0.9509134464878719,0.04908655351212808,0,0,True
749,0.9947005693789883,0.005299430621011657,0,0,True
1028,0.9920125957475786,0.007987404252421343,0,0,True
573,0.9971638894113601,0.002836110588639881,0,0,True
1419,0.8167341428404714,0.18326585715952862,0,0,True
552,0.40064459904696303,0.599355400953037,0,1,False
1936,0.8347620837512403,0.16523791624875972,0,0,True
801,0.7979774022127647,0.20202259778723528,0,0,True
1075,0.7841809826118822,0.21581901738811782,1,0,False
1448,0.7658306881040619,0.23416931189593815,0,0,True
1429,0.9819625389933053,0.01803746100669471,0,0,True
1574,0.8024149286528056,0.1975850713471944,0,0,True
326,0.9952145056659887,0.004785494334011368,0,0,True
1575,0.4666604001496175,0.5333395998503825,0,1,False
1512,0.9326593348741523,0.06734066512584773,0,0,True
984,0.003967988003109046,0.996032011996891,1,1,True
301,0.34205247086470836,0.6579475291352916,0,1,False
706,0.9481229411867829,0.051877058813217115,0,0,True
974,0.9879209395478951,0.01207906045210499,0,0,True
160,0.5658165262423946,0.43418347375760535,0,0,True
479,0.5040380202469723,0.49596197975302764,0,0,True
1080,0.9263279166497261,0.07367208335027388,0,0,True
676,0.8891071997332654,0.11089280026673462,0,0,True
958,0.9487383660932853,0.05126163390671464,0,0,True
1191,0.8948540266461924,0.10514597335380765,0,0,True
1205,0.9430512153107622,0.05694878468923779,0,0,True
86,0.9216732963904393,0.07832670360956076,0,0,True
1023,0.9759496738501584,0.0240503261498416,0,0,True
883,0.03117737647330776,0.9688226235266922,1,1,True
957,0.9278966715558805,0.0721033284441195,0,0,True
1803,0.5288544259556897,0.47114557404431034,0,0,True
582,0.5467293723817663,0.4532706276182336,0,0,True
1960,0.9630519205798201,0.03694807942017984,0,0,True
1038,0.9993463762783242,0.0006536237216757697,0,0,True
1770,0.8653849613129911,0.13461503868700886,0,0,True
549,0.9429076588791195,0.057092341120880435,0,0,True
1270,0.932773768295442,0.06722623170455796,0,0,True
1017,0.9932620408166953,0.006737959183304678,0,0,True
286,0.959968708012121,0.04003129198787905,0,0,True
674,0.9068984095596123,0.09310159044038768,0,0,True
1527,0.5981425608487053,0.4018574391512947,0,0,True
614,0.9756653143312157,0.02433468566878422,0,0,True
1660,0.6268641307239851,0.37313586927601494,0,0,True
1316,0.846689828414847,0.15331017158515298,0,0,True
1184,0.9991717746694551,0.0008282253305449418,0,0,True
572,0.763001754120411,0.23699824587958895,0,0,True
1659,0.0059529276536316456,0.9940470723463684,1,1,True
1439,0.8782009118331555,0.12179908816684451,0,0,True
352,0.9996595083379433,0.0003404916620567378,0,0,True
700,0.9740658042477103,0.025934195752289772,0,0,True
967,0.565258855553632,0.43474114444636797,0,0,True
349,0.9890307700988749,0.010969229901125171,0,0,True
134,0.9878162276431249,0.012183772356875056,0,0,True
666,0.46672849051637666,0.5332715094836233,0,1,False
11,0.7098862663447342,0.2901137336552658,0,0,True
79,0.9996347018069246,0.00036529819307541163,0,0,True
1103,0.9468935933401222,0.05310640665987779,0,0,True
103,0.054064886657336664,0.9459351133426633,1,1,True
1464,0.2860943445117914,0.7139056554882086,1,1,True
398,0.9789226147401848,0.02107738525981512,0,0,True
341,0.9777240424515411,0.02227595754845887,0,0,True
702,0.9197387402928431,0.08026125970715695,0,0,True
797,0.6918251436121466,0.30817485638785336,0,0,True
361,0.015378387816543215,0.9846216121834568,0,1,False
1228,0.9868558480178475,0.013144151982152514,0,0,True
373,0.9989685268861885,0.0010314731138114709,0,0,True
485,0.2945410014100477,0.7054589985899523,0,1,False
62,0.7496987675591171,0.2503012324408829,0,0,True
360,0.9576517598003845,0.042348240199615445,0,0,True
1579,0.9843139833611249,0.015686016638875196,0,0,True
75,0.9086406425103749,0.09135935748962509,0,0,True
1894,0.9182147543061813,0.08178524569381873,0,0,True
1226,0.8120966441470621,0.187903355852938,0,0,True
1599,0.99714674943983,0.002853250560170078,0,0,True
989,0.9769967282405322,0.02300327175946783,0,0,True
168,0.9013517036328855,0.09864829636711445,0,0,True
1866,0.990796810150837,0.009203189849162977,0,0,True
5,0.9425696185192871,0.057430381480712916,0,0,True
724,0.8645961349732644,0.13540386502673565,0,0,True
1045,0.954367011348432,0.04563298865156792,0,0,True
1707,0.7542430442030288,0.24575695579697124,0,0,True
1888,0.9985213442707734,0.0014786557292265977,0,0,True
1661,0.9627492738743404,0.03725072612565959,0,0,True
68,0.9692023553613203,0.030797644638679705,0,0,True
580,0.9921782253347566,0.007821774665243355,0,0,True
267,0.7846418718355158,0.21535812816448419,0,0,True
429,0.9993224716690754,0.0006775283309245932,0,0,True
753,0.9485156301886448,0.05148436981135523,0,0,True
1597,0.9900779611384122,0.009922038861587797,0,0,True
931,0.9579829553523854,0.04201704464761453,0,0,True
1620,0.9986595267796606,0.0013404732203393243,0,0,True
767,0.9930712287029099,0.0069287712970901635,0,0,True
794,0.9970358211040738,0.0029641788959261827,0,0,True
264,0.3436480790277413,0.6563519209722587,0,1,False
1293,0.675786895828737,0.324213104171263,0,0,True
1370,0.5085499637792217,0.4914500362207783,0,0,True
1684,0.12142323778582564,0.8785767622141744,1,1,True
802,0.9979959589385584,0.002004041061441546,1,0,False
1437,0.632635339776362,0.36736466022363806,0,0,True
1563,0.9981200007167189,0.0018799992832811204,0,0,True
1510,0.9869018554150797,0.013098144584920268,0,0,True
868,0.8337832163573371,0.16621678364266287,0,0,True
1356,0.9567543840739945,0.04324561592600554,0,0,True
1996,0.9124144182101843,0.08758558178981574,0,0,True
804,0.9654550325799928,0.034544967420007254,0,0,True
1058,0.6066992764948504,0.3933007235051495,0,0,True
635,0.9970320090043832,0.0029679909956168253,0,0,True
1623,0.6374463195091444,0.3625536804908555,0,0,True
1526,0.7889623431807039,0.2110376568192961,0,0,True
1990,0.9978842653229265,0.0021157346770735055,0,0,True
1875,0.7510674924801233,0.24893250751987678,0,0,True
1967,0.9836471307839656,0.016352869216034405,0,0,True
317,0.9719424169599593,0.02805758304004067,0,0,True
65,0.43869052113328233,0.5613094788667177,0,1,False
1949,0.6417695969764465,0.3582304030235534,0,0,True
641,0.6051758671736075,0.3948241328263925,0,0,True
1498,0.9803640484891641,0.019635951510835886,0,0,True
1693,0.22787270477857213,0.7721272952214279,0,1,False
1776,0.8241586880962636,0.1758413119037364,0,0,True
526,0.9967833521747442,0.0032166478252557843,0,0,True
1956,0.9782765436574342,0.021723456342565763,0,0,True
1376,0.6876084472580323,0.3123915527419677,0,0,True
188,0.8400957241763762,0.15990427582362382,0,0,True
149,0.09269281185643041,0.9073071881435696,0,1,False
945,0.0025613172185990907,0.9974386827814009,1,1,True
1777,0.8341274747578076,0.16587252524219237,0,0,True
449,0.942235435664094,0.057764564335906037,0,0,True
1538,0.8992312685571429,0.10076873144285713,0,0,True
1359,0.8532151269630782,0.14678487303692175,0,0,True
1133,0.9968552073653086,0.003144792634691404,0,0,True
1202,0.998647359440753,0.0013526405592470124,0,0,True
451,0.9789518866487953,0.0210481133512047,0,0,True
1150,0.8797927737471583,0.12020722625284176,0,0,True
344,0.9304669743587861,0.06953302564121389,0,0,True
110,0.9505105605938604,0.04948943940613954,0,0,True
1638,0.9538927253855541,0.046107274614445866,0,0,True
1744,0.940861034598908,0.059138965401091995,0,0,True
466,0.9931385891780116,0.006861410821988476,0,0,True
113,0.996135835621987,0.0038641643780129046,0,0,True
59,0.975151989286338,0.02484801071366205,0,0,True
1912,0.8130843010931303,0.18691569890686965,0,0,True
1389,0.017541444417176977,0.982458555582823,1,1,True
41,0.8015760541226226,0.19842394587737747,0,0,True
680,0.9982152161134713,0.0017847838865286624,0,0,True
120,0.17780372563914026,0.8221962743608597,1,1,True
226,0.8921887390966546,0.10781126090334534,0,0,True
1025,0.6726993722498018,0.32730062775019825,0,0,True
1625,0.8917512877987469,0.10824871220125312,0,0,True
1440,0.9986653681436265,0.0013346318563735044,0,0,True
310,0.9196217887278071,0.08037821127219287,0,0,True
1794,0.9773324006721459,0.022667599327854088,0,0,True
497,0.9961474742237011,0.003852525776298858,0,0,True
612,0.9920513380567101,0.007948661943289945,0,0,True
186,0.9815072512735395,0.01849274872646043,0,0,True
1694,0.7773998152322585,0.22260018476774143,0,0,True
1392,0.5328628788733942,0.4671371211266057,0,0,True
1656,0.9215441172780131,0.07845588272198692,0,0,True
1810,0.7514249603824822,0.24857503961751784,0,0,True
1162,0.9609073414476716,0.039092658552328304,0,0,True
1883,0.7845287561733325,0.21547124382666755,1,0,False
237,0.9975532285705048,0.0024467714294952193,0,0,True
1241,0.7134892884198181,0.2865107115801819,0,0,True
708,0.993908838915106,0.0060911610848940305,0,0,True
1273,0.9464064221601285,0.053593577839871454,0,0,True
694,0.0057296819631961204,0.9942703180368039,1,1,True
100,0.9981674153212192,0.0018325846787808323,0,0,True
1606,0.9796228887483249,0.020377111251675094,0,0,True
233,0.7973334756960939,0.20266652430390614,0,0,True
737,0.8838362362557931,0.11616376374420687,0,0,True
1978,0.5252773517554983,0.4747226482445018,0,0,True
705,0.9894742831830572,0.01052571681694276,0,0,True
590,0.8864672705044732,0.11353272949552683,0,0,True
601,0.908408377436589,0.09159162256341098,0,0,True
1161,0.996277969112718,0.003722030887281935,0,0,True
312,0.9955424783817125,0.004457521618287511,0,0,True
671,0.9877453998594549,0.012254600140545096,0,0,True
796,0.9288501099266426,0.07114989007335737,0,0,True
1096,0.9842371662683052,0.015762833731694795,0,0,True
197,0.9971653997887404,0.0028346002112596045,0,0,True
230,0.8796572606905627,0.12034273930943724,0,0,True
177,0.9558323489207684,0.04416765107923155,0,0,True
1908,0.7633743197337229,0.2366256802662771,0,0,True
912,0.727565071470877,0.27243492852912293,0,0,True
81,0.993258535617744,0.00674146438225603,0,0,True
1963,0.8080455437588995,0.19195445624110055,0,0,True
1154,0.967295576335663,0.032704423664337026,0,0,True
567,0.9530783278273015,0.04692167217269852,0,0,True
1782,0.9931159285596517,0.0068840714403483536,0,0,True
1271,0.9178792779754771,0.08212072202452295,0,0,True
1290,0.9236168269263325,0.0763831730736675,0,0,True
455,0.9968279540251789,0.0031720459748211137,0,0,True
1116,0.06420121209838214,0.9357987879016179,0,1,False
1856,0.16597252585227018,0.8340274741477298,0,1,False
1413,0.8332025423876537,0.1667974576123463,0,0,True
798,0.760033919491165,0.23996608050883492,0,0,True
1416,0.8287313918272825,0.17126860817271744,0,0,True
304,0.22860275439620026,0.7713972456037997,0,1,False
942,0.9642540074311987,0.03574599256880125,0,0,True
1768,0.998868284175655,0.0011317158243450158,0,0,True
1720,0.002015505975098808,0.9979844940249012,0,1,False
502,0.9853544283763427,0.014645571623657372,0,0,True
1931,0.9510841117958113,0.04891588820418863,0,0,True
1474,0.8163224121721078,0.18367758782789223,0,0,True
1113,0.948968644276764,0.05103135572323599,0,0,True
454,0.7482760587053183,0.2517239412946817,0,0,True
1854,0.9953878129769619,0.004612187023038138,0,0,True
1210,0.8729737285109898,0.12702627148901025,0,0,True
1844,0.8578453478011625,0.1421546521988375,0,0,True
990,0.9461803724434102,0.053819627556589755,0,0,True
1716,0.8332120273834271,0.16678797261657285,0,0,True
108,0.9971049688850419,0.0028950311149581053,0,0,True
217,0.9962999355967186,0.003700064403281399,0,0,True
2003,0.9812880639258174,0.01871193607418262,0,0,True
1900,0.9863557227876972,0.013644277212302724,0,0,True
1381,0.6213385407387566,0.37866145926124345,0,0,True
1169,0.00186511229561237,0.9981348877043876,1,1,True
1708,0.9652372861538455,0.03476271384615451,0,0,True
1402,0.947732175305181,0.05226782469481901,0,0,True
57,0.9197951577111538,0.08020484228884621,0,0,True
1534,0.9178509917302756,0.0821490082697244,0,0,True
413,0.890238363831555,0.109761636168445,0,0,True
1249,0.9969926210979714,0.0030073789020286733,0,0,True
1824,0.9027022151904903,0.09729778480950971,0,0,True
481,0.3136818329935259,0.6863181670064741,1,1,True
1812,0.9909750237475494,0.009024976252450563,0,0,True
657,0.13781718724010472,0.8621828127598953,0,1,False
1054,0.9664164900693369,0.03358350993066311,0,0,True
1920,0.7093049011815755,0.29069509881842454,0,0,True
593,0.7346108295172342,0.26538917048276583,0,0,True
665,0.9829935480572989,0.017006451942701117,0,0,True
183,0.30713300972220225,0.6928669902777977,0,1,False
180,0.9907720673532866,0.009227932646713403,0,0,True
350,0.48050857306961203,0.519491426930388,0,1,False
793,0.9899489674107583,0.010051032589241633,0,0,True
1775,0.8052630830828138,0.19473691691718614,0,0,True
816,0.9430330960368355,0.056966903963164485,0,0,True
292,0.9965890077890865,0.0034109922109135022,0,0,True
605,0.9751224622483824,0.024877537751617634,0,0,True
1769,0.9717853406346586,0.028214659365341455,0,0,True
620,0.9838713366912426,0.016128663308757358,0,0,True
107,0.9963122291376167,0.0036877708623832333,0,0,True
555,0.9958581871755287,0.004141812824471306,0,0,True
1678,0.9942288014364131,0.005771198563586887,0,0,True
1524,0.9488398987665175,0.051160101233482476,0,0,True
280,0.9509831372991568,0.04901686270084317,0,0,True
406,0.035625837775329905,0.9643741622246701,1,1,True
1747,0.7151497202861778,0.2848502797138221,0,0,True
979,0.9809342148900757,0.019065785109924308,0,0,True
663,0.6474625228320879,0.35253747716791206,0,0,True
952,0.918059780142812,0.08194021985718805,0,0,True
670,0.504396794323258,0.495603205676742,0,0,True
1959,0.8778099643053263,0.12219003569467367,0,0,True
1324,0.8154268137961073,0.1845731862038927,0,0,True
378,0.6785668404903136,0.3214331595096865,0,0,True
1477,0.9735425626752416,0.026457437324758346,0,0,True
337,0.13145008107962142,0.8685499189203786,0,1,False
290,0.9678874893227304,0.03211251067726966,0,0,True
70,0.7586522750414524,0.24134772495854767,0,0,True
905,0.9412587274682457,0.05874127253175434,0,0,True
1721,0.8465678146683925,0.15343218533160752,0,0,True
1934,0.970091229372036,0.02990877062796401,0,0,True
909,0.99441057727714,0.005589422722859953,0,0,True
602,0.6966286002625022,0.30337139973749777,0,0,True
857,0.8278644044987653,0.17213559550123467,0,0,True
613,0.017428659197736063,0.9825713408022639,1,1,True
528,0.20209695553667306,0.7979030444633269,0,1,False
143,0.9942703224626884,0.005729677537311576,0,0,True
1952,0.9886637704898068,0.011336229510193231,0,0,True
151,0.6403554817765846,0.3596445182234154,0,0,True
981,0.5288204631997353,0.4711795368002647,0,0,True
1220,0.9955945049136773,0.0044054950863227265,0,0,True
1521,0.7183162937338201,0.28168370626617995,0,0,True
1137,0.9391123418751256,0.06088765812487441,0,0,True
639,0.849474755807174,0.15052524419282595,0,0,True
951,0.8900297139289903,0.1099702860710097,0,0,True
754,0.4881463297531804,0.5118536702468196,0,1,False
1899,0.9931904153351446,0.006809584664855364,0,0,True
853,0.9675384971045256,0.032461502895474476,0,0,True
1785,0.1328037806346919,0.8671962193653081,1,1,True
1811,0.7711990611876987,0.2288009388123013,0,0,True
1734,0.9975440277144464,0.0024559722855536504,0,0,True
1266,0.996490113293053,0.003509886706946937,0,0,True
782,0.554592718984853,0.4454072810151471,0,0,True
927,0.9353344257026674,0.06466557429733255,0,0,True
47,0.8356768375802641,0.1643231624197359,0,0,True
1709,0.9926103100642685,0.00738968993573156,0,0,True
1929,0.7872386209709559,0.21276137902904407,0,0,True
991,0.7568913812672627,0.24310861873273723,0,0,True
1602,0.645881535510906,0.35411846448909406,0,0,True
38,0.9784464972929624,0.02155350270703757,0,0,True
1589,0.995735002459887,0.004264997540113031,0,0,True
1759,0.7227154462664929,0.27728455373350713,0,0,True
774,0.9418266887374941,0.058173311262505904,0,0,True
34,0.6334573744536747,0.3665426255463253,0,0,True
1335,0.8007678746623685,0.19923212533763146,0,0,True
1461,0.9747787114525251,0.025221288547474886,0,0,True
1703,0.7624656679472863,0.2375343320527137,0,0,True
30,0.6661420563313514,0.3338579436686486,0,0,True
841,0.952584299323411,0.04741570067658892,0,0,True
488,0.9991657614392644,0.0008342385607355928,0,0,True
228,0.5591333502392517,0.44086664976074835,0,0,True
136,0.8044223373557695,0.19557766264423046,0,0,True
1443,0.8929629152476392,0.10703708475236086,0,0,True
634,0.995765626890273,0.0042343731097269875,0,0,True
1496,0.9750747196533818,0.024925280346618204,0,0,True
1342,0.6176286464299154,0.38237135357008456,0,0,True
817,0.9820079149716475,0.01799208502835244,0,0,True
178,0.7665376071863319,0.2334623928136681,0,0,True
1553,0.9806561031950303,0.01934389680496973,0,0,True
1879,0.9043760553918926,0.09562394460810744,0,0,True
553,0.9693977667834448,0.030602233216555235,0,0,True
844,0.07135924283803752,0.9286407571619625,1,1,True
1009,0.5655849518705565,0.43441504812944354,0,0,True
1252,0.9714880904076141,0.028511909592385955,0,0,True
397,0.0075817223703357195,0.9924182776296643,1,1,True
1884,0.9616493859543522,0.038350614045647755,0,0,True
923,0.43082873428749213,0.5691712657125079,0,1,False
1200,0.0073325137113755545,0.9926674862886244,1,1,True
199,0.8574081208560074,0.14259187914399257,0,0,True
997,0.8134457967595147,0.18655420324048533,0,0,True
1962,0.9954489594610393,0.004551040538960671,0,0,True
253,0.39126523486363407,0.6087347651363659,0,1,False
616,0.9910760395193814,0.008923960480618592,0,0,True
1427,0.9766184054345637,0.02338159456543629,0,0,True
834,0.6457551651837707,0.3542448348162293,0,0,True
23,0.8785278409135655,0.12147215908643452,0,0,True
695,0.9884221324487864,0.011577867551213575,0,0,True
1265,0.9966461447217005,0.003353855278299502,0,0,True
1944,0.309577557218916,0.690422442781084,0,1,False
243,0.922726172584408,0.07727382741559195,0,0,True
1695,0.999770498124871,0.00022950187512900207,0,0,True
1348,0.6935668661659159,0.3064331338340841,0,0,True
1841,0.9241654280791403,0.07583457192085977,0,0,True
507,0.04058800550626629,0.9594119944937337,1,1,True
925,0.9965149997063167,0.0034850002936832433,0,0,True
343,0.9955246250325005,0.00447537496749948,0,0,True
275,0.867587502177039,0.13241249782296102,0,0,True
1303,0.6282659665159581,0.3717340334840419,0,0,True
82,0.5087427573443204,0.49125724265567966,0,0,True
332,0.9547105009420868,0.04528949905791325,0,0,True
1655,0.871273575132376,0.12872642486762398,0,0,True
1377,0.8611764425051273,0.13882355749487277,0,0,True
94,0.7181961917895414,0.2818038082104586,0,0,True
771,0.9882910109946473,0.011708989005352633,0,0,True
688,0.7790321117279868,0.22096788827201325,0,0,True
1877,0.5912473536303582,0.40875264636964176,0,0,True
210,0.9337805672039404,0.06621943279605955,0,0,True
1715,0.7410659011758037,0.25893409882419627,0,0,True
45,0.9893373037279644,0.01066269627203561,0,0,True
562,0.5053411739129248,0.49465882608707523,0,0,True
597,0.9983509705484367,0.0016490294515633475,0,0,True
1828,0.7576272755180633,0.2423727244819367,0,0,True
1550,0.9067563730382387,0.09324362696176122,0,0,True
886,0.9987210441277166,0.001278955872283457,0,0,True
269,0.9865737328144787,0.013426267185521352,0,0,True
1925,0.9736160694600728,0.02638393053992718,0,0,True
594,0.9353493791479672,0.06465062085203277,0,0,True
787,0.9576046857843478,0.04239531421565226,0,0,True
1340,0.9328821684174756,0.06711783158252438,0,0,True
940,0.37412210528986767,0.6258778947101323,1,1,True
1426,0.8864548662503162,0.11354513374968384,0,0,True
651,0.600430611696011,0.39956938830398897,0,0,True
768,0.8063212502346023,0.19367874976539765,0,0,True
561,0.994706019793973,0.005293980206026975,0,0,True
36,0.7061524842962486,0.29384751570375145,0,0,True
1301,0.9365787712601303,0.06342122873986968,0,0,True
1609,0.7652434686101568,0.2347565313898432,0,0,True
1911,0.9837932217520936,0.01620677824790642,0,0,True
1148,0.9798801097175411,0.02011989028245888,0,0,True
1629,0.4638301532350776,0.5361698467649224,0,1,False
1830,0.9481125053313842,0.05188749466861575,0,0,True
137,0.9266278039330803,0.07337219606691969,0,0,True
824,0.5303814998222602,0.4696185001777397,0,0,True
1478,0.9928105138256547,0.007189486174345392,0,0,True
933,0.510342738586436,0.489657261413564,0,0,True
1132,0.07533082584738449,0.9246691741526155,1,1,True
164,0.0846466676230383,0.9153533323769617,1,1,True
1083,0.97462647210347,0.025373527896530017,0,0,True
920,0.623505897751597,0.3764941022484029,0,0,True
603,0.9110281547424633,0.08897184525753667,0,0,True
982,0.9971626819282106,0.0028373180717894205,0,0,True
938,0.4380954218844815,0.5619045781155185,0,1,False
836,0.8538189036854965,0.1461810963145035,0,0,True
739,0.05377803612354304,0.946221963876457,1,1,True
1040,0.7273805953389314,0.2726194046610686,0,0,True
190,0.991785531087158,0.008214468912842046,0,0,True
1073,0.9949253725439047,0.005074627456095289,0,0,True
1258,0.7491237261421345,0.2508762738578655,0,0,True
1503,0.9935122020315655,0.006487797968434514,0,0,True
658,0.8158910949572853,0.1841089050427147,0,0,True
803,0.5525980667104198,0.4474019332895802,0,0,True
889,0.7613521485870255,0.23864785141297454,1,0,False
1713,0.7398327900380861,0.26016720996191384,0,0,True
1157,0.008546607427792119,0.9914533925722079,1,1,True
531,0.6351580895088962,0.36484191049110376,0,0,True
1323,0.9965442699512795,0.003455730048720463,0,0,True
673,0.9735577486306415,0.02644225136935854,0,0,True
232,0.9971969062493794,0.0028030937506206377,0,0,True
1605,0.2532896797363189,0.7467103202636811,0,1,False
1826,0.018141676214543878,0.9818583237854561,1,1,True
467,0.43603887556014,0.56396112443986,1,1,True
709,0.9969800905522119,0.0030199094477880387,0,0,True
1085,0.9724965074428874,0.027503492557112586,0,0,True
1283,0.9923737388552378,0.00762626114476222,0,0,True
973,0.6565149124862519,0.34348508751374807,0,0,True
1842,0.8750693833437051,0.12493061665629496,0,0,True
1593,0.8443708110622561,0.15562918893774397,0,0,True
48,0.9939167348188863,0.006083265181113673,0,0,True
1081,0.9522893870285469,0.04771061297145302,0,0,True
1591,0.9836870548801303,0.01631294511986969,0,0,True
1467,0.9540696097619848,0.04593039023801517,0,0,True
1926,0.9696042980878335,0.030395701912166454,0,0,True
153,0.712481999142789,0.287518000857211,0,0,True
586,0.9790350599025648,0.020964940097435235,0,0,True
1643,0.9522914016877936,0.04770859831220645,0,0,True
1834,0.8991643865268772,0.10083561347312274,0,0,True
1567,0.9821477255097215,0.017852274490278514,0,0,True
1486,0.9719005512807675,0.028099448719232503,0,0,True
473,0.9207648081614714,0.07923519183852855,0,0,True
808,0.9313215092709637,0.06867849072903637,0,0,True
1078,0.7055341291580375,0.29446587084196246,0,0,True
532,0.6220881837874845,0.3779118162125155,0,0,True
271,0.9875954372889701,0.012404562711029906,0,0,True
216,0.9982817025570445,0.0017182974429554676,0,0,True
1173,0.9915382845321593,0.008461715467840733,0,0,True
1736,0.9901211268048931,0.009878873195106993,0,0,True
92,0.9845848344774192,0.015415165522580827,0,0,True
1034,0.3160831992889309,0.6839168007110691,1,1,True
260,0.835922215206859,0.16407778479314095,0,0,True
1397,0.996132307805107,0.003867692194893072,0,0,True
261,0.9786100629885824,0.021389937011417583,0,0,True
1179,0.9746388742840139,0.025361125715986116,0,0,True
1532,0.8863306223024886,0.11366937769751136,0,0,True
1057,0.9040129596785986,0.09598704032140136,0,0,True
1395,0.9513752319298688,0.04862476807013116,0,0,True
1994,0.9918302492254865,0.008169750774513596,0,0,True
551,0.7911738398590664,0.20882616014093355,0,0,True
1230,0.9983987232737147,0.0016012767262853038,0,0,True
496,0.9761334822096559,0.023866517790344065,0,0,True
1236,0.6207745559698873,0.3792254440301127,0,0,True
1310,0.9904729118865734,0.009527088113426629,0,0,True
316,0.9488826804863275,0.05111731951367254,0,0,True
189,0.8624469159098402,0.13755308409015976,0,0,True
1469,0.9832659330036924,0.01673406699630759,0,0,True
661,0.352185485143223,0.647814514856777,0,1,False
918,0.9995290988270058,0.0004709011729942488,0,0,True
333,0.7204141945353726,0.2795858054646274,0,0,True
1837,0.76019485196823,0.23980514803177005,0,0,True
1019,0.5243013641364624,0.4756986358635376,0,0,True
1966,0.11877187297359781,0.8812281270264022,1,1,True
390,0.9930454602023328,0.006954539797667271,0,0,True
1010,0.9831143270081163,0.01688567299188373,0,0,True
296,0.8796196525261621,0.12038034747383787,0,0,True
231,0.9909577257377912,0.009042274262208841,0,0,True
1569,0.6653259878898147,0.3346740121101853,0,0,True
1485,0.991874715472938,0.008125284527061941,0,0,True
1634,0.6905644126574717,0.30943558734252835,0,0,True
825,0.6943952096639262,0.3056047903360738,0,0,True
1647,0.7786491374908115,0.2213508625091885,0,0,True
374,0.00431355401852751,0.9956864459814725,1,1,True
1177,0.9902977434422886,0.009702256557711383,0,0,True
1201,0.9825251498277424,0.01747485017225759,0,0,True
876,0.9293099968977576,0.07069000310224242,0,0,True
537,0.9495492285368314,0.050450771463168564,0,0,True
1904,0.9558923020011747,0.04410769799882526,0,0,True
1178,0.950052891929583,0.049947108070416975,0,0,True
892,0.9927615766354104,0.007238423364589597,0,0,True
315,0.9520982872647139,0.0479017127352861,0,0,True
1172,0.09563764219508786,0.9043623578049121,1,1,True
2001,0.9562104146008628,0.04378958539913726,0,0,True
468,0.966181103438757,0.033818896561243,0,0,True
899,0.9919850926720037,0.008014907327996292,0,0,True
1024,0.929783270852141,0.070216729147859,0,0,True
1164,0.5872901961726963,0.4127098038273037,0,0,True
1407,0.9965043783799628,0.00349562162003721,0,0,True
630,0.9907978751148081,0.009202124885191856,0,0,True
376,0.9804783576504399,0.01952164234956015,0,0,True
461,0.019877936400849894,0.9801220635991501,1,1,True
184,0.9419464657024544,0.05805353429754553,0,0,True
1813,0.9956133241104486,0.004386675889551439,0,0,True
392,0.846909998614296,0.15309000138570403,0,0,True
707,0.5646849623292318,0.4353150376707682,1,0,False
1144,0.9672691373105353,0.03273086268946471,0,0,True
345,0.4687251240101721,0.5312748759898279,1,1,True
1840,0.998464635961947,0.0015353640380530132,0,0,True
1282,4.915144430839291e-05,0.9999508485556916,1,1,True
272,0.6786503143065288,0.32134968569347117,0,0,True
615,0.8324058789545755,0.1675941210454245,0,0,True
19,0.9993547725709079,0.0006452274290920683,0,0,True
2000,0.9360419930027966,0.0639580069972035,0,0,True
698,7.078186641695794e-06,0.9999929218133583,1,1,True
1612,0.6030775403561683,0.3969224596438316,0,0,True
821,0.985186513295243,0.014813486704757012,0,0,True
735,0.49995307780254294,0.500046922197457,1,1,True
814,0.9988619605671996,0.0011380394328004367,0,0,True
150,0.8720550110130351,0.1279449889869649,0,0,True
1897,0.6187530059353676,0.3812469940646324,0,0,True
1195,0.9943883376374512,0.005611662362548807,0,0,True
643,0.18863883074288867,0.8113611692571113,1,1,True
1231,0.6074812157564053,0.3925187842435947,0,0,True
659,0.38476730675407844,0.6152326932459216,1,1,True
133,0.9713073238314112,0.0286926761685888,0,0,True
949,0.786589195145763,0.213410804854237,0,0,True
1471,0.957960777174244,0.042039222825756055,0,0,True
746,0.9558605525106527,0.04413944748934724,0,0,True
870,0.9873981225421068,0.012601877457893216,0,0,True
313,0.9451111026745318,0.05488889732546822,0,0,True
1219,0.3554210181761547,0.6445789818238453,1,1,True
49,0.9984400630056819,0.0015599369943180967,0,0,True
2,0.9541724489278568,0.04582755107214317,0,0,True
135,0.9310124717048804,0.06898752829511955,0,0,True
1472,0.9445597270300743,0.055440272969925715,0,0,True
325,0.9906869263014079,0.009313073698592156,0,0,True
1752,0.7847355768672044,0.21526442313279565,0,0,True
97,0.9378783872219646,0.062121612778035455,0,0,True
1047,0.9806131375414768,0.019386862458523196,0,0,True
322,0.5000166795469296,0.49998332045307037,0,0,True
1140,0.8959841331397236,0.1040158668602764,0,0,True
409,0.9974159745335921,0.0025840254664079338,0,0,True
811,0.9954406150179369,0.004559384982063056,0,0,True
1139,0.0803607500700112,0.9196392499299888,1,1,True
756,0.6691160462350455,0.3308839537649545,0,0,True
1259,0.6731943247871561,0.3268056752128438,0,0,True
1723,0.8017811474582008,0.19821885254179916,0,0,True
568,0.8342003247812485,0.1657996752187515,0,0,True
465,0.0005292559599160418,0.999470744040084,1,1,True
578,0.960332047445465,0.03966795255453503,0,0,True
1827,0.5021740101315979,0.4978259898684021,0,0,True
1217,0.9959282064049656,0.0040717935950344035,0,0,True
1291,0.9776497550122765,0.022350244987723557,0,0,True
1143,0.6578510650730738,0.34214893492692616,0,0,True
588,0.5593827683215822,0.4406172316784179,0,0,True
1617,0.8274237165374143,0.17257628346258566,0,0,True
1572,0.9300429315423452,0.06995706845765481,0,0,True
740,0.992035879552573,0.007964120447427045,0,0,True
621,0.9260085773144443,0.07399142268555567,0,0,True
1878,0.3755123329954393,0.6244876670045607,0,1,False
408,0.019422302598213204,0.9805776974017868,1,1,True
1003,0.6360296497904319,0.3639703502095681,0,0,True
1462,0.00887006177363514,0.9911299382263649,1,1,True
1167,0.8873820605293676,0.11261793947063231,0,0,True
1344,0.9963673447781936,0.0036326552218064164,0,0,True
1043,0.977770859663214,0.022229140336785976,0,0,True
1238,0.9927959905119426,0.0072040094880573835,0,0,True
805,0.9714813215234168,0.028518678476583202,0,0,True
63,0.9647674065738868,0.035232593426113165,0,0,True
283,0.0009296786660125678,0.9990703213339874,1,1,True
1603,0.8771333523886317,0.12286664761136833,0,0,True
1255,0.6043678740625245,0.39563212593747554,0,0,True
1501,0.774802633534126,0.22519736646587402,0,0,True
15,0.4929945167791113,0.5070054832208887,0,1,False
1675,0.7897259141275991,0.21027408587240096,0,0,True
1400,0.9945551200835449,0.005444879916455145,1,0,False
1761,0.6991984150242496,0.30080158497575044,0,0,True
1704,0.9894600188160257,0.010539981183974236,0,0,True
930,0.03420077997019,0.96579922002981,1,1,True
1076,0.9673941500214334,0.03260584997856662,0,0,True
1212,0.6983491811170527,0.3016508188829473,0,0,True
1287,0.8895270832863306,0.11047291671366943,0,0,True
622,0.9880809699344276,0.01191903006557241,0,0,True
890,0.9980792801574172,0.0019207198425828334,0,0,True
195,0.28359273019402376,0.7164072698059762,1,1,True
570,0.7856839060876881,0.21431609391231185,0,0,True
1345,0.9943026613246286,0.0056973386753713376,0,0,True
383,0.9961530235622029,0.003846976437797107,0,0,True
1095,0.9600145028995583,0.03998549710044171,0,0,True
1209,0.8812211369131302,0.11877886308686977,0,0,True
1232,0.984938495052006,0.015061504947994015,0,0,True
725,0.6190735259086126,0.3809264740913873,0,0,True
159,0.8969678090576676,0.10303219094233239,0,0,True
732,0.9645295215504783,0.035470478449521635,0,0,True
1986,0.9929325751535947,0.007067424846405321,0,0,True
477,0.992494745853107,0.007505254146892992,0,0,True
519,0.8645644226479332,0.13543557735206682,0,0,True
1985,0.00025824847951883,0.9997417515204812,1,1,True
743,0.9913675069782716,0.008632493021728464,0,0,True
1449,0.885072988349352,0.11492701165064796,0,0,True
1002,0.989500385316152,0.010499614683847962,0,0,True
1717,0.95434283770853,0.04565716229147,0,0,True
1260,0.723624984552869,0.27637501544713095,0,0,True
1958,0.7568851897391242,0.24311481026087575,0,0,True
1189,0.6660881864686401,0.33391181353135996,0,0,True
1480,0.6241938149709831,0.3758061850290168,0,0,True
508,0.981618636277738,0.018381363722261953,0,0,True
471,0.9384648256691877,0.06153517433081233,0,0,True
1816,0.9959928541942741,0.0040071458057259635,0,0,True
1099,0.9910193646620113,0.008980635337988686,0,0,True
934,0.7685754615505314,0.2314245384494686,0,0,True
986,0.9699298490299025,0.030070150970097454,0,0,True
372,0.8722792882432413,0.12772071175675873,0,0,True
436,0.8644978480790375,0.13550215192096254,0,0,True
827,0.9960210408951615,0.003978959104838505,0,0,True
1525,0.004322907634288886,0.9956770923657111,0,1,False
2004,0.9902602659816278,0.009739734018372246,0,0,True
506,0.9424540370067709,0.05754596299322912,0,0,True
1084,0.9937660600265235,0.006233939973476553,0,0,True
1938,0.9481988346207237,0.051801165379276225,0,0,True
1876,0.0630350048461138,0.9369649951538862,0,1,False
916,0.9834065320877463,0.016593467912253704,0,0,True
1650,0.938481167092055,0.06151883290794506,0,0,True
72,0.004059943330335769,0.9959400566696642,1,1,True
1975,0.3714031894165968,0.6285968105834032,0,1,False
147,0.006151957920828011,0.993848042079172,1,1,True
569,0.9529787072633059,0.04702129273669406,0,0,True
1145,0.7131642487941335,0.28683575120586646,0,0,True
1109,0.6453318393740272,0.35466816062597284,0,0,True
1318,0.9987133985002229,0.0012866014997770568,0,0,True
1239,0.9726648595263726,0.027335140473627374,0,0,True
1637,0.979899998598803,0.020100001401197068,0,0,True
1857,0.13716903062656094,0.8628309693734391,0,1,False
1292,0.8701511088627237,0.12984889113727624,0,0,True
1685,0.00182062785178283,0.9981793721482172,1,1,True
675,0.9947617683332868,0.005238231666713215,0,0,True
672,0.979923660129568,0.020076339870431958,0,0,True
32,0.9127850899686714,0.08721491003132861,0,0,True
932,0.9869704544609778,0.01302954553902223,0,0,True
474,0.9911621236316314,0.008837876368368679,0,0,True
1071,0.7131179383913416,0.28688206160865837,0,0,True
402,0.0013128450950717907,0.9986871549049282,1,1,True
1984,0.33579904860421284,0.6642009513957872,1,1,True
867,0.9977847845583405,0.0022152154416594273,0,0,True
1594,0.9972420424641043,0.0027579575358957346,0,0,True
1380,0.9950653913444208,0.004934608655579183,0,0,True
717,0.9906688579440879,0.009331142055912144,0,0,True
1094,0.9290240875683506,0.07097591243164933,0,0,True
843,0.8507531444591709,0.149246855540829,0,0,True
523,0.9915022752966434,0.008497724703356585,0,0,True
1831,0.9976582761107355,0.0023417238892644078,0,0,True
1262,0.9681808405044368,0.03181915949556327,0,0,True
320,0.9143023932722255,0.0856976067277745,0,0,True
1758,0.6220288895153754,0.3779711104846246,0,0,True
1922,0.9740863362127824,0.0259136637872176,0,0,True
109,0.9868473002253331,0.013152699774666937,0,0,True
873,0.9960536043353216,0.003946395664678316,0,0,True
112,0.4214062067148877,0.5785937932851123,0,1,False
994,0.7409395190311074,0.2590604809688926,0,0,True
1379,0.9169392970086425,0.08306070299135752,0,0,True
380,0.030556228193822865,0.9694437718061771,0,1,False
975,0.9579017261941399,0.04209827380586004,0,0,True
76,0.22998496638379085,0.7700150336162092,0,1,False
1302,0.98681386818259,0.013186131817410067,0,0,True
1865,0.8806848824177143,0.11931511758228579,0,0,True
486,0.9994041364793849,0.0005958635206151852,0,0,True
342,0.6222237842817318,0.37777621571826825,0,0,True
375,0.971049471121105,0.028950528878895012,0,0,True
690,0.9448831840225421,0.055116815977457906,0,0,True
1928,0.9301996704944908,0.06980032950550917,0,0,True
1185,0.6273813408292951,0.3726186591707049,0,0,True
245,0.997926470343577,0.0020735296564230194,0,0,True
1152,0.9932780551025571,0.006721944897442978,0,0,True
1386,0.5162840225234363,0.4837159774765637,0,0,True
33,0.9357637099801113,0.06423629001988876,0,0,True
1049,0.9950127534503934,0.004987246549606599,0,0,True
1104,0.9982278970284293,0.0017721029715707444,0,0,True
1947,0.9804502990901943,0.01954970090980568,0,0,True
1801,0.9915038625565809,0.008496137443419167,0,0,True
1791,0.9010359103921382,0.09896408960786185,0,0,True
371,0.85795407025774,0.1420459297422601,0,0,True
1640,0.8696035719862802,0.13039642801371973,0,0,True
1442,0.8039788360974954,0.19602116390250454,0,0,True
1997,0.8818629242515209,0.11813707574847909,0,0,True
1006,0.8313410769758035,0.16865892302419652,0,0,True
810,0.0010410406531138339,0.9989589593468862,1,1,True
3,0.9651453661158086,0.03485463388419138,0,0,True
487,0.0030816384133171004,0.9969183615866829,1,1,True
126,0.9787397814865011,0.02126021851349893,0,0,True
1874,0.42342231540008446,0.5765776845999155,0,1,False
1506,0.975997374209903,0.024002625790097033,0,0,True
1111,0.7960011197446207,0.2039988802553793,0,0,True
1117,0.882399803492511,0.11760019650748899,0,0,True
535,0.957838623296283,0.04216137670371697,0,0,True
130,0.9980934584146269,0.0019065415853730886,0,0,True
1742,0.9984540893008114,0.0015459106991886546,0,0,True
1608,0.5961101564765576,0.4038898435234424,0,0,True
498,0.6239595343857545,0.3760404656142455,0,0,True
257,0.006678873897589699,0.9933211261024103,1,1,True
173,0.6103149451450429,0.38968505485495714,0,0,True
854,0.8478742570771275,0.1521257429228725,0,0,True
1786,0.5173885684472409,0.4826114315527591,0,0,True
736,0.47640164384438366,0.5235983561556163,0,1,False
194,0.8635871979968419,0.13641280200315806,1,0,False
842,0.040041781871908655,0.9599582181280913,1,1,True
1520,0.9941155672110833,0.005884432788916759,0,0,True
1511,0.9737239394175582,0.026276060582441828,0,0,True
525,0.9125856930273598,0.08741430697264019,0,0,True
1050,0.5653561685244046,0.4346438314755953,0,0,True
1004,0.9973745877956365,0.002625412204363573,0,0,True
242,0.8511337514695831,0.1488662485304169,0,0,True
1596,0.9983497479306758,0.0016502520693242805,0,0,True
1373,0.7471570318331642,0.25284296816683577,0,0,True
1242,0.998056481498556,0.0019435185014440434,0,0,True
652,0.9809912592765694,0.01900874072343063,0,0,True
1216,0.9956284096762131,0.004371590323786868,0,0,True
1046,0.7309692085916821,0.2690307914083179,0,0,True
28,0.9473549334063518,0.052645066593648225,0,0,True
1935,0.9967795702385702,0.003220429761429748,0,0,True
1825,0.9555989931509641,0.044401006849035946,0,0,True
1020,0.9465573118381979,0.05344268816180211,0,0,True
1859,0.9797102182557076,0.020289781744292378,0,0,True
1110,0.9974106395694055,0.0025893604305945715,0,0,True
769,0.36311993970133616,0.6368800602986638,0,1,False
476,0.510715448356094,0.48928455164390605,0,0,True
1098,0.9779715950861397,0.02202840491386026,0,0,True
819,0.997271473035777,0.0027285269642229664,0,0,True
196,0.8052597655904263,0.1947402344095737,0,0,True
1706,0.0007993563539351323,0.9992006436460649,1,1,True
1651,0.9884302512669877,0.011569748733012291,0,0,True
1390,0.9949748168344645,0.005025183165535497,0,0,True
1957,0.9670509545064094,0.032949045493590574,0,0,True
1743,0.9942119277585179,0.005788072241482182,0,0,True
381,0.9392164808608517,0.060783519139148263,0,0,True
24,0.22095216758328085,0.7790478324167192,1,1,True
40,0.9978986189513724,0.002101381048627566,0,0,True
430,0.9975578125362476,0.0024421874637523063,0,0,True
1867,0.3862487283362894,0.6137512716637106,1,1,True
1762,0.5075876786371797,0.4924123213628203,0,0,True
1519,0.9930954500858173,0.006904549914182704,0,0,True
710,0.7647627083332136,0.23523729166678636,0,0,True
730,0.9788216741541813,0.021178325845818663,0,0,True
1074,0.9807895257716545,0.019210474228345587,0,0,True
1979,0.9732574866605747,0.026742513339425383,0,0,True
809,0.9957484297118178,0.00425157028818222,0,0,True
382,0.8924944944939444,0.10750550550605562,0,0,True
1036,0.9740210940806696,0.025978905919330334,0,0,True
1035,0.8257425938485637,0.17425740615143623,0,0,True
1199,0.6305077285527663,0.3694922714472338,0,0,True
1106,0.9559574214268622,0.044042578573137786,0,0,True
871,0.9851728008754985,0.01482719912450151,0,0,True
1077,0.7519549380474961,0.2480450619525038,0,0,True
744,0.028219077685746274,0.9717809223142537,0,1,False
1635,0.9524235080297276,0.04757649197027239,0,0,True
472,0.12026569507579332,0.8797343049242067,1,1,True
1531,0.9884820562584122,0.011517943741587815,0,0,True
291,0.9177981309998876,0.08220186900011238,0,0,True
145,0.9985300759749752,0.0014699240250247907,0,0,True
1530,0.6252584745297962,0.3747415254702038,0,0,True
1600,0.11843619096121882,0.8815638090387812,1,1,True
1499,0.9492877276231794,0.050712272376820584,0,0,True
1330,0.9709365674046967,0.029063432595303296,0,0,True
336,0.9879078758582955,0.012092124141704437,0,0,True
1802,0.5856491529143627,0.4143508470856373,0,0,True
1206,0.6178533726624742,0.38214662733752586,0,0,True
396,0.979834033515717,0.020165966484282996,0,0,True
1764,0.8944769316285506,0.10552306837144942,0,0,True
179,0.9460500571097316,0.053949942890268415,0,0,True
1186,0.9624398391132127,0.03756016088678721,0,0,True
369,0.9404265520649355,0.059573447935064514,0,0,True
1013,0.774242049763961,0.2257579502360389,0,0,True
1378,0.9843500885473679,0.015649911452632004,0,0,True
1304,0.6717792594275664,0.32822074057243356,0,0,True
607,0.9591900860111655,0.04080991398883444,0,0,True
338,0.8287646511199424,0.17123534888005762,0,0,True
187,0.8752455010157301,0.12475449898426991,0,0,True
972,0.812242710195269,0.18775728980473105,0,0,True
1069,0.6606646147344093,0.33933538526559065,0,0,True
1315,0.9935061917400748,0.006493808259925162,0,0,True
1334,0.4468517337392546,0.5531482662607454,1,1,True
12,0.996079616603541,0.003920383396458935,0,0,True
540,0.97168409600693,0.028315903993070067,0,0,True
276,0.5402102597398915,0.4597897402601085,0,0,True
944,0.9770259491189637,0.022974050881036306,0,0,True
563,0.9257795547596536,0.0742204452403464,0,0,True
1845,0.8394928729585497,0.16050712704145034,0,0,True
357,0.948247181819027,0.051752818180972944,0,0,True
26,0.994455511871863,0.005544488128137026,0,0,True
1739,0.9977394595874441,0.002260540412555887,0,0,True
247,0.7889082380793759,0.2110917619206241,0,0,True
950,0.9184125173310307,0.08158748266896933,0,0,True
117,0.8636497974641837,0.13635020253581637,0,0,True
1787,0.9984457359837275,0.0015542640162724936,0,0,True
611,0.0755817343245172,0.9244182656754828,1,1,True
104,0.5178541553895588,0.48214584461044124,0,0,True
262,0.9802957829672091,0.01970421703279093,0,0,True
207,0.98035810646935,0.019641893530650014,0,0,True
1833,0.9888690837801525,0.011130916219847544,1,0,False
122,0.8985220470442663,0.10147795295573367,0,0,True
1433,0.909107333045307,0.09089266695469306,0,0,True
433,0.8559109387229197,0.14408906127708035,0,0,True
689,0.21857613509733387,0.7814238649026661,0,1,False
696,0.9479190998069112,0.05208090019308874,0,0,True
1326,0.927486536846033,0.07251346315396699,0,0,True
1880,0.5137359024484449,0.4862640975515551,0,0,True
1012,0.5130323929546104,0.48696760704538955,0,0,True
138,0.9808552625472666,0.019144737452733374,0,0,True
750,0.25945808443075014,0.7405419155692499,0,1,False
1727,0.7551843882673912,0.24481561173260874,0,0,True
1197,0.8042286144618276,0.19577138553817244,0,0,True
161,0.4941530898476373,0.5058469101523627,0,1,False
211,0.029868325078614144,0.9701316749213859,0,1,False
847,0.975271822088082,0.024728177911917903,0,0,True
1778,0.984664421153616,0.015335578846383984,0,0,True
785,0.9991627131094681,0.0008372868905318166,0,0,True
1159,0.02879318823797239,0.9712068117620276,1,1,True
95,0.7405682655057038,0.25943173449429624,1,0,False
1204,0.9664938281284521,0.03350617187154786,0,0,True
1483,0.9989258301605135,0.001074169839486516,0,0,True
1254,0.9384734323814183,0.06152656761858163,0,0,True
351,0.9696834981633604,0.03031650183663962,0,0,True
704,0.8193164986915373,0.1806835013084627,0,0,True
7,0.8564925223129501,0.14350747768704988,0,0,True
784,0.5428996283351022,0.4571003716648978,0,0,True
1941,0.6824098816264312,0.31759011837356876,0,0,True
359,0.9141673930535361,0.08583260694646391,0,0,True
1245,0.9611856371519535,0.038814362848046464,0,0,True
1863,0.9920459317854815,0.007954068214518528,0,0,True
795,0.9837076305364015,0.016292369463598428,0,0,True
1839,0.9879555712273128,0.01204442877268715,0,0,True
1369,0.9979585951767604,0.002041404823239539,0,0,True
504,0.8225268802350427,0.1774731197649573,0,0,True
1294,0.9496012103340512,0.05039878966594879,0,0,True
1711,0.9232457551912269,0.0767542448087731,0,0,True
64,0.9515914242485533,0.0484085757514467,0,0,True
1097,0.7760548199654386,0.2239451800345614,0,0,True
856,0.9768870123170694,0.023112987682930564,0,0,True
775,0.9944660526665688,0.005533947333431183,0,0,True
1473,0.4234069767078431,0.5765930232921569,0,1,False
1417,0.9685440247008754,0.03145597529912459,0,0,True
996,0.9539182224773858,0.04608177752261423,0,0,True
1940,0.8751181311566598,0.12488186884334015,0,0,True
1773,0.8554498759472307,0.1445501240527693,0,0,True
1749,0.6930950783099334,0.3069049216900665,0,0,True
1808,0.9931037452160679,0.006896254783932125,0,0,True
881,0.3568031999712087,0.6431968000287913,0,1,False
1669,0.3670586063246172,0.6329413936753828,0,1,False
745,0.8820662627946096,0.11793373720539041,0,0,True
287,0.9962220978142733,0.0037779021857266906,0,0,True
1788,0.09011992134340407,0.9098800786565959,1,1,True
426,0.8333097881526232,0.1666902118473768,0,0,True
258,0.9895355088064944,0.010464491193505555,0,0,True
1030,0.7648615927700746,0.23513840722992546,0,0,True
1672,0.9472907573403843,0.05270924265961576,0,0,True
1401,0.7525304836439711,0.24746951635602887,0,0,True
391,0.8749535192443489,0.1250464807556511,0,0,True
699,0.9957851687408981,0.004214831259101924,0,0,True
116,0.9733136941476007,0.026686305852399263,0,0,True
1325,0.759197873874291,0.24080212612570892,0,0,True
221,0.6447067047389093,0.35529329526109066,0,0,True
1784,0.014324895884236022,0.985675104115764,1,1,True
1622,0.9167534374259044,0.08324656257409556,0,0,True
1193,0.4280916391973485,0.5719083608026515,0,1,False
1918,0.5497803280444211,0.4502196719555788,0,0,True
628,0.45586484973135555,0.5441351502686445,0,1,False
1279,0.9928782987842256,0.007121701215774397,0,0,True
1476,0.9940582375913368,0.005941762408663189,0,0,True
914,0.977988412204199,0.022011587795801063,0,0,True
222,0.989366219651833,0.010633780348166942,0,0,True
185,0.9168501629397631,0.08314983706023689,0,0,True
1233,0.8427314342257066,0.1572685657742934,0,0,True
